date,hour,minute,second,pvpwr,Cluster
7/2/2022,23,0,2.542279542,4.03,2
7/2/2022,23,0,17.58249967,4.04,2
7/2/2022,23,0,32.5775876,3.78,1
7/2/2022,23,0,47.53389107,4.29,1
7/2/2022,23,1,2.594756411,4.79,2
7/2/2022,23,1,17.60554466,4.28,2
7/2/2022,23,1,32.5784398,4.29,1
7/2/2022,23,1,47.59618134,4.54,1
7/2/2022,23,2,2.691127534,4.79,2
7/2/2022,23,2,17.69346218,4.54,2
7/2/2022,23,2,32.69209644,4.54,1
7/2/2022,23,2,47.69725312,4.54,1
7/2/2022,23,3,2.753144891,4.29,2
7/2/2022,23,3,17.77645423,4.79,2
7/2/2022,23,3,32.77671239,4.79,1
7/2/2022,23,3,47.78356053,5.3,1
7/2/2022,23,4,2.849014041,5.05,2
7/2/2022,23,4,17.87797475,5.05,2
7/2/2022,23,4,32.83996807,5.55,1
7/2/2022,23,4,47.86460161,5.55,1
7/2/2022,23,5,2.961958769,5.3,2
7/2/2022,23,5,17.90563799,5.55,2
7/2/2022,23,5,32.94646869,5.81,1
7/2/2022,23,5,47.90275448,5.3,1
7/2/2022,23,6,1.988745088,5.55,2
7/2/2022,23,6,16.95805745,5.3,2
7/2/2022,23,6,31.97604065,5.55,1
7/2/2022,23,6,46.97710663,5.55,1
7/2/2022,23,7,2.027364069,6.06,2
7/2/2022,23,7,17.01671865,5.55,2
7/2/2022,23,7,32.03307039,5.81,1
7/2/2022,23,7,47.04803442,5.81,1
7/2/2022,23,8,2.066489411,5.81,2
7/2/2022,23,8,17.09593668,5.81,2
7/2/2022,23,8,32.08759599,6.06,1
7/2/2022,23,8,47.06825386,5.81,1
7/2/2022,23,9,2.119762702,6.32,2
7/2/2022,23,9,17.12867641,6.06,2
7/2/2022,23,9,32.14576185,5.81,1
7/2/2022,23,9,47.14582044,5.81,1
7/2/2022,23,10,2.211239742,6.32,2
7/2/2022,23,10,17.21456391,6.06,2
7/2/2022,23,10,32.25717485,6.32,1
7/2/2022,23,10,47.2907451,6.06,1
7/2/2022,23,11,2.336039391,6.57,2
7/2/2022,23,11,17.41664889,6.57,2
7/2/2022,23,11,32.3502972,6.32,1
7/2/2022,23,11,47.35575017,6.57,1
7/2/2022,23,12,2.398328331,6.32,2
7/2/2022,23,12,17.45646872,6.32,2
7/2/2022,23,12,32.39993421,6.32,1
7/2/2022,23,12,47.42768491,6.32,1
7/2/2022,23,13,2.461336588,6.82,2
7/2/2022,23,13,17.48270303,6.57,2
7/2/2022,23,13,32.48831978,7.08,1
7/2/2022,23,13,47.48624932,6.83,1
7/2/2022,23,14,2.547923981,6.83,2
7/2/2022,23,14,17.57695569,6.83,2
7/2/2022,23,14,32.54992102,7.08,1
7/2/2022,23,14,47.56669822,6.32,1
7/2/2022,23,15,2.636507433,6.83,2
7/2/2022,23,15,17.64533785,7.33,2
7/2/2022,23,15,32.63627864,7.33,1
7/2/2022,23,15,47.63477654,7.08,1
7/2/2022,23,16,2.676545994,7.08,2
7/2/2022,23,16,17.67958427,7.33,2
7/2/2022,23,16,32.67802426,6.83,1
7/2/2022,23,16,47.67751174,7.08,1
7/2/2022,23,17,2.742866049,7.08,2
7/2/2022,23,17,17.77858742,7.08,2
7/2/2022,23,17,32.76421862,7.84,1
7/2/2022,23,17,47.779746,7.08,1
7/2/2022,23,18,2.840832138,7.84,2
7/2/2022,23,18,17.87208366,7.08,2
7/2/2022,23,18,32.83649204,7.84,1
7/2/2022,23,18,47.83886389,7.33,1
7/2/2022,23,19,2.908777828,7.33,2
7/2/2022,23,19,17.91684047,7.59,2
7/2/2022,23,19,32.92517194,7.84,1
7/2/2022,23,19,47.89268309,7.84,1
7/2/2022,23,20,1.999532162,7.59,2
7/2/2022,23,20,16.98385905,7.59,2
7/2/2022,23,20,31.97128799,7.59,1
7/2/2022,23,20,47.0073673,7.84,1
7/2/2022,23,21,2.040936912,7.84,2
7/2/2022,23,21,17.02489806,8.6,2
7/2/2022,23,21,32.03691151,7.59,1
7/2/2022,23,21,47.03940992,8.1,1
7/2/2022,23,22,2.072301608,8.6,2
7/2/2022,23,22,17.09785461,8.1,2
7/2/2022,23,22,32.10455244,8.61,1
7/2/2022,23,22,47.11215906,8.1,1
7/2/2022,23,23,2.142372116,8.35,2
7/2/2022,23,23,17.18522676,8.35,2
7/2/2022,23,23,32.15292272,9.11,1
7/2/2022,23,23,47.15225694,9.11,1
7/2/2022,23,24,2.192222178,8.61,2
7/2/2022,23,24,17.22051721,9.11,2
7/2/2022,23,24,32.19431741,8.36,1
7/2/2022,23,24,47.24879911,8.86,1
7/2/2022,23,25,2.338814918,8.86,2
7/2/2022,23,25,17.37061778,8.87,2
7/2/2022,23,25,32.31603218,9.12,1
7/2/2022,23,25,47.29180617,8.87,1
7/2/2022,23,26,2.329224859,8.87,2
7/2/2022,23,26,17.34405676,9.12,2
7/2/2022,23,26,32.33868005,9.63,1
7/2/2022,23,26,47.33634697,9.63,1
7/2/2022,23,27,2.390223094,10.14,2
7/2/2022,23,27,17.43115337,9.63,2
7/2/2022,23,27,32.36846664,10.39,1
7/2/2022,23,27,47.40088468,10.14,1
7/2/2022,23,28,2.440836984,9.89,2
7/2/2022,23,28,17.46655264,9.89,2
7/2/2022,23,28,32.44406983,10.4,1
7/2/2022,23,28,47.52291046,10.4,1
7/2/2022,23,29,2.746581931,10.65,2
7/2/2022,23,29,17.7336379,10.65,2
7/2/2022,23,29,32.76114395,10.4,1
7/2/2022,23,29,47.72122339,10.91,1
7/2/2022,23,30,2.790707595,10.66,2
7/2/2022,23,30,17.7885896,10.91,2
7/2/2022,23,30,32.80090003,10.91,1
7/2/2022,23,30,47.75366993,11.43,1
7/2/2022,23,31,2.791630632,10.92,2
7/2/2022,23,31,17.7993889,11.43,2
7/2/2022,23,31,32.81947335,10.91,1
7/2/2022,23,31,47.82260901,11.43,1
7/2/2022,23,32,2.856977835,11.43,2
7/2/2022,23,32,17.88757453,11.18,2
7/2/2022,23,32,32.84099011,11.69,1
7/2/2022,23,32,47.87717065,11.69,1
7/2/2022,23,33,2.908736409,12.2,2
7/2/2022,23,33,17.92310563,11.43,2
7/2/2022,23,33,32.89132604,11.95,1
7/2/2022,23,33,47.90244449,12.2,1
7/2/2022,23,34,2.952604789,11.69,2
7/2/2022,23,34,17.96939122,11.95,2
7/2/2022,23,34,32.98202183,12.46,1
7/2/2022,23,34,47.96214793,12.46,1
7/2/2022,23,35,2.065213023,12.21,2
7/2/2022,23,35,17.05317099,12.21,2
7/2/2022,23,35,32.06674187,12.47,1
7/2/2022,23,35,47.03078788,12.46,1
7/2/2022,23,36,2.075213792,12.72,2
7/2/2022,23,36,17.1018473,12.98,2
7/2/2022,23,36,32.10100017,12.47,1
7/2/2022,23,36,47.08809901,12.47,1
7/2/2022,23,37,2.158579889,12.73,2
7/2/2022,23,37,17.18672914,12.73,2
7/2/2022,23,37,32.16196449,12.73,1
7/2/2022,23,37,47.1828115,12.98,1
7/2/2022,23,38,2.289333601,13.24,2
7/2/2022,23,38,17.31996891,12.99,2
7/2/2022,23,38,32.30051917,13.25,1
7/2/2022,23,38,47.39546066,13.5,1
7/2/2022,23,39,2.555513642,13.5,2
7/2/2022,23,39,17.54564039,13.5,2
7/2/2022,23,39,32.48238336,13.24,1
7/2/2022,23,39,47.55199032,13.01,1
7/2/2022,23,40,2.63317607,13.51,2
7/2/2022,23,40,17.63112561,13.5,2
7/2/2022,23,40,32.60353638,14.02,1
7/2/2022,23,40,47.61889394,13.78,1
7/2/2022,23,41,2.688483874,13.77,2
7/2/2022,23,41,17.7185317,14.03,2
7/2/2022,23,41,32.68910356,13.52,1
7/2/2022,23,41,47.68098057,13.78,1
7/2/2022,23,42,2.829493515,14.03,2
7/2/2022,23,42,17.84308919,14.03,2
7/2/2022,23,42,32.823646,14.29,1
7/2/2022,23,42,47.84650298,14.54,1
7/2/2022,23,43,2.952585032,14.54,2
7/2/2022,23,43,17.93879646,16.08,2
7/2/2022,23,43,32.93188906,15.06,1
7/2/2022,23,43,47.98009625,14.81,1
7/2/2022,23,44,2.318626427,14.81,2
7/2/2022,23,44,17.35748079,14.81,2
7/2/2022,23,44,32.33954273,14.81,1
7/2/2022,23,44,47.32833308,15.06,1
7/2/2022,23,45,2.408085088,14.82,2
7/2/2022,23,45,17.40514162,14.56,2
7/2/2022,23,45,32.38098873,14.82,1
7/2/2022,23,45,47.35673859,14.83,1
7/2/2022,23,46,2.483996626,15.08,2
7/2/2022,23,46,17.51757457,15.08,2
7/2/2022,23,46,32.47267063,15.34,1
7/2/2022,23,46,47.55295777,15.08,1
7/2/2022,23,47,2.587643549,15.35,2
7/2/2022,23,47,17.59625287,15.35,2
7/2/2022,23,47,32.58569608,15.6,1
7/2/2022,23,47,47.62686693,15.6,1
7/2/2022,23,48,2.690993446,15.09,2
7/2/2022,23,48,17.70993464,15.36,2
7/2/2022,23,48,32.69930363,15.87,1
7/2/2022,23,48,47.68496695,15.36,1
7/2/2022,23,49,2.709037893,15.62,2
7/2/2022,23,49,17.7322359,15.87,2
7/2/2022,23,49,32.7028541,16.13,1
7/2/2022,23,49,47.73065061,16.14,1
7/2/2022,23,50,2.774430545,16.14,2
7/2/2022,23,50,17.78352163,16.4,2
7/2/2022,23,50,32.79293293,15.89,1
7/2/2022,23,50,47.78490016,16.14,1
7/2/2022,23,51,2.819390086,16.41,2
7/2/2022,23,51,17.84080604,16.67,2
7/2/2022,23,51,32.83667747,16.92,1
7/2/2022,23,51,47.81982163,16.67,1
7/2/2022,23,52,2.880522594,16.94,2
7/2/2022,23,52,17.89829686,16.94,2
7/2/2022,23,52,32.88159415,17.19,1
7/2/2022,23,52,47.90446307,16.95,1
7/2/2022,23,53,2.926134587,17.46,2
7/2/2022,23,53,17.96612232,17.2,2
7/2/2022,23,53,32.9360962,17.73,1
7/2/2022,23,53,47.9407793,17.47,1
7/2/2022,23,54,1.981102216,17.99,2
7/2/2022,23,54,16.96689378,18.24,2
7/2/2022,23,54,31.9590068,18.0,1
7/2/2022,23,54,46.95307743,18.51,1
7/2/2022,23,55,2.049626355,18.26,2
7/2/2022,23,55,17.06013105,18.53,2
7/2/2022,23,55,32.06544387,19.04,1
7/2/2022,23,55,47.02372086,19.04,1
7/2/2022,23,56,2.025050518,19.32,2
7/2/2022,23,56,17.02763384,19.06,2
7/2/2022,23,56,32.05559044,19.83,1
7/2/2022,23,56,47.03765416,19.59,1
7/2/2022,23,57,2.064983058,20.1,2
7/2/2022,23,57,17.09214499,20.12,2
7/2/2022,23,57,32.08185206,20.64,1
7/2/2022,23,57,47.08380842,20.89,1
7/2/2022,23,58,2.151184267,21.17,2
7/2/2022,23,58,17.15479059,21.17,2
7/2/2022,23,58,32.15122688,21.44,1
7/2/2022,23,58,47.16691695,21.7,1
7/2/2022,23,59,2.183211974,21.72,2
7/2/2022,23,59,17.19804944,22.49,2
7/2/2022,23,59,32.17349592,22.51,1
7/2/2022,23,59,47.20518469,22.25,1
8/2/2022,0,0,2.313809182,22.77,2
8/2/2022,0,0,17.29656088,23.05,2
8/2/2022,0,0,32.28195443,23.31,1
8/2/2022,0,0,47.26312945,23.57,1
8/2/2022,0,1,2.337017704,23.6,2
8/2/2022,0,1,17.3385776,24.11,2
8/2/2022,0,1,32.32916571,24.39,1
8/2/2022,0,1,47.41154959,24.38,1
8/2/2022,0,2,2.607660827,24.66,2
8/2/2022,0,2,17.64669183,24.66,2
8/2/2022,0,2,32.61792551,24.94,1
8/2/2022,0,2,47.63624891,25.72,1
8/2/2022,0,3,2.670188819,25.74,2
8/2/2022,0,3,17.67816849,25.48,2
8/2/2022,0,3,32.67708008,25.75,1
8/2/2022,0,3,47.68668689,26.02,1
8/2/2022,0,4,2.70672305,26.3,2
8/2/2022,0,4,17.72018216,26.82,2
8/2/2022,0,4,32.70847552,26.84,1
8/2/2022,0,4,47.70997399,26.84,1
8/2/2022,0,5,2.762693941,27.1,2
8/2/2022,0,5,17.79627866,27.38,2
8/2/2022,0,5,32.78765709,27.38,1
8/2/2022,0,5,47.76384859,27.14,1
8/2/2022,0,6,2.799950658,27.66,2
8/2/2022,0,6,17.8088065,27.92,2
8/2/2022,0,6,32.78230204,28.47,1
8/2/2022,0,6,47.79753585,28.47,1
8/2/2022,0,7,2.830244954,28.2,2
8/2/2022,0,7,17.84397849,29.01,2
8/2/2022,0,7,32.83687111,28.75,1
8/2/2022,0,7,47.84128321,28.77,1
8/2/2022,0,8,2.907274269,29.29,2
8/2/2022,0,8,17.92734057,29.56,2
8/2/2022,0,8,32.90670487,29.05,1
8/2/2022,0,8,47.89572103,29.58,1
8/2/2022,0,9,1.996071346,29.58,2
8/2/2022,0,9,17.02672109,29.58,2
8/2/2022,0,9,32.00663327,29.61,1
8/2/2022,0,9,46.99914713,29.6,1
8/2/2022,0,10,2.089004021,29.86,2
8/2/2022,0,10,17.10827757,29.87,2
8/2/2022,0,10,32.11972447,29.87,1
8/2/2022,0,10,47.10741109,30.66,1
8/2/2022,0,11,2.139134955,30.16,2
8/2/2022,0,11,17.15081663,30.42,2
8/2/2022,0,11,32.13189179,30.16,1
8/2/2022,0,11,47.15476547,30.16,1
8/2/2022,0,12,2.206060935,30.16,2
8/2/2022,0,12,17.28531939,30.18,2
8/2/2022,0,12,32.22598706,30.71,1
8/2/2022,0,12,47.23592739,30.71,1
8/2/2022,0,13,2.278935249,30.71,2
8/2/2022,0,13,17.31400262,30.45,2
8/2/2022,0,13,32.31203997,30.47,1
8/2/2022,0,13,47.27406605,30.48,1
8/2/2022,0,14,2.291378527,30.73,2
8/2/2022,0,14,17.3472652,30.73,2
8/2/2022,0,14,32.32329767,30.73,1
8/2/2022,0,14,47.36038806,30.73,1
8/2/2022,0,15,2.442899698,30.47,2
8/2/2022,0,15,17.42456429,31.02,2
8/2/2022,0,15,32.46611671,30.75,1
8/2/2022,0,15,47.41524855,30.75,1
8/2/2022,0,16,2.493170361,31.02,2
8/2/2022,0,16,17.5126726,31.02,2
8/2/2022,0,16,32.46652601,31.28,1
8/2/2022,0,16,47.49734036,30.49,1
8/2/2022,0,17,2.563825036,31.3,2
8/2/2022,0,17,17.559546,31.29,2
8/2/2022,0,17,32.59175499,31.29,1
8/2/2022,0,17,47.55576591,31.84,1
8/2/2022,0,18,2.61921832,31.57,2
8/2/2022,0,18,17.64036308,31.83,2
8/2/2022,0,18,32.65290269,31.57,1
8/2/2022,0,18,47.65562816,31.83,1
8/2/2022,0,19,2.723201469,31.82,2
8/2/2022,0,19,17.74608153,32.37,2
8/2/2022,0,19,32.73887969,32.37,1
8/2/2022,0,19,47.73878005,32.37,1
8/2/2022,0,20,2.80671697,32.64,2
8/2/2022,0,20,17.79281676,33.17,2
8/2/2022,0,20,32.79332716,32.91,1
8/2/2022,0,20,47.78363806,32.93,1
8/2/2022,0,21,2.813155044,33.17,2
8/2/2022,0,21,17.82651364,33.46,2
8/2/2022,0,21,32.82444925,33.46,1
8/2/2022,0,21,47.83923608,33.72,1
8/2/2022,0,22,2.14932546,33.46,2
8/2/2022,0,22,17.17664921,34.01,2
8/2/2022,0,22,32.15060668,34.01,1
8/2/2022,0,22,47.15480165,34.28,1
8/2/2022,0,23,2.181329835,34.54,2
8/2/2022,0,23,17.19395167,34.54,2
8/2/2022,0,23,32.18287571,34.82,1
8/2/2022,0,23,47.18212907,34.55,1
8/2/2022,0,24,2.47548549,34.57,2
8/2/2022,0,24,17.50427007,34.83,2
8/2/2022,0,24,32.48211961,34.83,1
8/2/2022,0,24,47.50560092,35.36,1
8/2/2022,0,25,2.592796728,34.83,2
8/2/2022,0,25,17.61659027,36.15,2
8/2/2022,0,25,32.62624252,36.18,1
8/2/2022,0,25,47.66959838,35.9,1
8/2/2022,0,26,2.717196475,35.64,2
8/2/2022,0,26,17.75153642,35.9,2
8/2/2022,0,26,32.72415286,36.16,1
8/2/2022,0,26,47.72200348,36.44,1
8/2/2022,0,27,2.751450597,36.44,2
8/2/2022,0,27,17.7877449,36.7,0
8/2/2022,0,27,32.79099729,37.26,0
8/2/2022,0,27,47.75680228,36.72,1
8/2/2022,0,28,2.847916854,36.98,2
8/2/2022,0,28,17.88288906,37.0,0
8/2/2022,0,28,32.8966997,37.26,0
8/2/2022,0,28,47.87765175,37.0,1
8/2/2022,0,29,2.95177304,37.28,2
8/2/2022,0,29,17.97143294,37.54,0
8/2/2022,0,29,32.97544594,37.8,0
8/2/2022,0,29,47.95391314,37.82,1
8/2/2022,0,30,2.089515341,37.82,2
8/2/2022,0,30,17.07829569,37.8,0
8/2/2022,0,30,32.08125292,37.53,0
8/2/2022,0,30,47.03923785,37.82,1
8/2/2022,0,31,2.109820521,37.82,2
8/2/2022,0,31,17.12430245,37.82,0
8/2/2022,0,31,32.10148981,37.82,0
8/2/2022,0,31,47.10909575,38.08,1
8/2/2022,0,32,2.15887266,38.07,2
8/2/2022,0,32,17.16579649,38.36,0
8/2/2022,0,32,32.1275715,38.1,0
8/2/2022,0,32,47.13814762,38.36,1
8/2/2022,0,33,2.173601045,38.36,2
8/2/2022,0,33,17.18298805,38.36,0
8/2/2022,0,33,32.17185835,38.63,0
8/2/2022,0,33,47.16944954,38.63,1
8/2/2022,0,34,2.200734243,38.1,2
8/2/2022,0,34,17.22154257,38.11,0
8/2/2022,0,34,32.22652374,38.64,0
8/2/2022,0,34,47.24143967,38.64,1
8/2/2022,0,35,2.320395584,38.64,2
8/2/2022,0,35,17.30099073,38.91,0
8/2/2022,0,35,32.3139364,39.16,0
8/2/2022,0,35,47.28106371,38.63,1
8/2/2022,0,36,2.326981368,38.92,2
8/2/2022,0,36,17.38818058,38.92,0
8/2/2022,0,36,32.36265748,39.19,0
8/2/2022,0,36,47.33037718,39.19,1
8/2/2022,0,37,2.377206416,39.45,2
8/2/2022,0,37,17.45431183,39.45,0
8/2/2022,0,37,32.38555253,38.92,0
8/2/2022,0,37,47.40099145,39.45,1
8/2/2022,0,38,2.448177361,39.45,2
8/2/2022,0,38,17.52951256,39.72,0
8/2/2022,0,38,32.42664535,41.07,0
8/2/2022,0,38,47.54682684,41.6,1
8/2/2022,0,39,2.543382904,41.87,2
8/2/2022,0,39,17.54885153,44.05,0
8/2/2022,0,39,32.549819,45.91,0
8/2/2022,0,39,47.56288689,46.48,0
8/2/2022,0,40,2.658501912,47.02,0
8/2/2022,0,40,17.68250965,47.02,0
8/2/2022,0,40,32.661465,47.57,0
8/2/2022,0,40,47.64202767,47.84,0
8/2/2022,0,41,2.713658701,48.41,0
8/2/2022,0,41,17.72797195,48.94,0
8/2/2022,0,41,32.71506646,49.51,0
8/2/2022,0,41,47.71356711,50.04,0
8/2/2022,0,42,2.74249202,50.31,0
8/2/2022,0,42,17.76022422,51.09,0
8/2/2022,0,42,32.74710181,51.68,0
8/2/2022,0,42,47.72618887,51.96,0
8/2/2022,0,43,2.803738955,52.23,0
8/2/2022,0,43,17.80913924,52.5,0
8/2/2022,0,43,32.77292733,52.62,0
8/2/2022,0,43,47.81679186,53.79,0
8/2/2022,0,44,2.907006104,53.03,0
8/2/2022,0,44,17.90347743,54.11,0
8/2/2022,0,44,32.88513418,54.11,0
8/2/2022,0,44,47.89110361,53.89,0
8/2/2022,0,45,2.958878568,54.18,0
8/2/2022,0,45,17.93371882,54.71,0
8/2/2022,0,45,32.93596654,54.69,0
8/2/2022,0,45,47.95589703,55.0,0
8/2/2022,0,46,2.029035513,55.26,0
8/2/2022,0,46,17.01352729,55.57,0
8/2/2022,0,46,32.03093244,55.57,0
8/2/2022,0,46,47.010879,55.84,0
8/2/2022,0,47,2.097177089,55.53,0
8/2/2022,0,47,17.11304485,56.13,0
8/2/2022,0,47,32.10443908,56.4,0
8/2/2022,0,47,47.1190972,56.68,0
8/2/2022,0,48,2.149460448,56.93,0
8/2/2022,0,48,17.16626174,56.42,0
8/2/2022,0,48,32.16329977,56.15,0
8/2/2022,0,48,47.17832641,56.42,0
8/2/2022,0,49,2.2295805,57.24,0
8/2/2022,0,49,17.28441098,57.49,0
8/2/2022,0,49,32.24297398,57.51,0
8/2/2022,0,49,47.27658637,57.8,0
8/2/2022,0,50,2.354931782,57.53,0
8/2/2022,0,50,17.35041949,57.78,0
8/2/2022,0,50,32.3454239,57.53,0
8/2/2022,0,50,47.32198895,57.82,0
8/2/2022,0,51,2.495169961,57.28,0
8/2/2022,0,51,17.52547789,57.26,0
8/2/2022,0,51,32.50567498,57.84,0
8/2/2022,0,51,47.52386495,58.13,0
8/2/2022,0,52,2.551356253,57.84,0
8/2/2022,0,52,17.58534829,58.09,0
8/2/2022,0,52,32.56449411,58.4,0
8/2/2022,0,52,47.56101688,58.13,0
8/2/2022,0,53,2.639346308,58.67,0
8/2/2022,0,53,17.65512336,58.69,0
8/2/2022,0,53,32.64208747,58.38,0
8/2/2022,0,53,47.67483463,58.13,0
8/2/2022,0,54,2.045268797,58.69,0
8/2/2022,0,54,17.09352852,58.69,0
8/2/2022,0,54,32.03909881,58.93,0
8/2/2022,0,54,47.07643401,58.96,0
8/2/2022,0,55,2.152188845,59.49,0
8/2/2022,0,55,17.1461241,59.27,0
8/2/2022,0,55,32.15890048,59.25,0
8/2/2022,0,55,47.16886494,59.0,0
8/2/2022,0,56,2.197440107,59.27,0
8/2/2022,0,56,17.2299244,59.54,0
8/2/2022,0,56,32.18677282,59.56,0
8/2/2022,0,56,47.26404309,59.29,0
8/2/2022,0,57,2.449612162,59.51,0
8/2/2022,0,57,17.4479004,59.78,0
8/2/2022,0,57,32.42596237,59.58,0
8/2/2022,0,57,47.54703958,59.31,0
8/2/2022,0,58,2.575391143,59.58,0
8/2/2022,0,58,17.59869271,59.85,0
8/2/2022,0,58,32.5625819,59.87,0
8/2/2022,0,58,47.70773668,59.33,0
8/2/2022,0,59,2.787999509,59.56,0
8/2/2022,0,59,17.7904663,59.6,0
8/2/2022,0,59,32.78634196,59.33,0
8/2/2022,0,59,47.79395653,59.36,0
8/2/2022,1,0,2.875125496,59.09,0
8/2/2022,1,0,17.8984885,58.8,0
8/2/2022,1,0,32.90417277,58.53,0
8/2/2022,1,0,47.86775219,58.77,0
8/2/2022,1,1,2.915530539,58.8,0
8/2/2022,1,1,17.93552302,58.53,0
8/2/2022,1,1,32.91899434,57.95,0
8/2/2022,1,1,47.94607403,57.72,0
8/2/2022,1,2,1.989825493,57.72,0
8/2/2022,1,2,16.98588552,57.45,0
8/2/2022,1,2,31.96474354,57.72,0
8/2/2022,1,2,46.99092959,57.19,0
8/2/2022,1,3,2.017658255,57.7,0
8/2/2022,1,3,17.01021248,57.21,0
8/2/2022,1,3,32.01062925,57.16,0
8/2/2022,1,3,47.01588091,56.94,0
8/2/2022,1,4,2.066770193,56.63,0
8/2/2022,1,4,17.0615869,56.92,0
8/2/2022,1,4,32.06396101,57.19,0
8/2/2022,1,4,47.06902638,56.65,0
8/2/2022,1,5,2.140922205,56.38,0
8/2/2022,1,5,17.15637301,56.38,0
8/2/2022,1,5,32.13506507,56.38,0
8/2/2022,1,5,47.12106652,56.65,0
8/2/2022,1,6,2.158621075,56.67,0
8/2/2022,1,6,17.16439502,56.4,0
8/2/2022,1,6,32.16157168,56.38,0
8/2/2022,1,6,47.16416629,56.4,0
8/2/2022,1,7,2.201110567,56.34,0
8/2/2022,1,7,17.21071706,56.44,0
8/2/2022,1,7,32.20647711,56.71,0
8/2/2022,1,7,47.19566688,56.15,0
8/2/2022,1,8,2.232074592,56.69,0
8/2/2022,1,8,17.30563444,56.69,0
8/2/2022,1,8,32.24258773,56.44,0
8/2/2022,1,8,47.23720178,56.71,0
8/2/2022,1,9,2.342667906,56.42,0
8/2/2022,1,9,17.352441,56.13,0
8/2/2022,1,9,32.3730069,56.17,0
8/2/2022,1,9,47.42586254,56.49,0
8/2/2022,1,10,2.517895673,56.17,0
8/2/2022,1,10,17.49067672,56.73,0
8/2/2022,1,10,32.50237615,56.46,0
8/2/2022,1,10,47.56115486,56.46,0
8/2/2022,1,11,2.590832642,56.44,0
8/2/2022,1,11,17.63070537,56.49,0
8/2/2022,1,11,32.597466,55.93,0
8/2/2022,1,11,47.58928426,56.22,0
8/2/2022,1,12,2.656325507,56.49,0
8/2/2022,1,12,17.69527253,56.51,0
8/2/2022,1,12,32.65057526,55.97,0
8/2/2022,1,12,47.66170112,56.51,0
8/2/2022,1,13,2.725075331,56.53,0
8/2/2022,1,13,17.74567275,56.26,0
8/2/2022,1,13,32.72262968,56.8,0
8/2/2022,1,13,47.72100551,56.8,0
8/2/2022,1,14,2.926329316,56.8,0
8/2/2022,1,14,17.9446899,56.3,0
8/2/2022,1,14,32.91772428,56.55,0
8/2/2022,1,14,47.93455799,56.53,0
8/2/2022,1,15,1.991432912,56.57,0
8/2/2022,1,15,16.93048468,56.3,0
8/2/2022,1,15,32.03201873,56.57,0
8/2/2022,1,15,46.95738316,56.03,0
8/2/2022,1,16,2.036602297,56.05,0
8/2/2022,1,16,17.04909315,56.32,0
8/2/2022,1,16,32.03419367,56.05,0
8/2/2022,1,16,47.03082794,55.76,0
8/2/2022,1,17,2.082006433,56.03,0
8/2/2022,1,17,17.09537225,56.03,0
8/2/2022,1,17,32.09671672,55.8,0
8/2/2022,1,17,47.10314833,56.34,0
8/2/2022,1,18,2.149121797,56.57,0
8/2/2022,1,18,17.18760565,56.32,0
8/2/2022,1,18,32.14968848,56.36,0
8/2/2022,1,18,47.18348851,55.82,0
8/2/2022,1,19,2.24242372,56.34,0
8/2/2022,1,19,17.28383805,56.36,0
8/2/2022,1,19,32.25395168,56.9,0
8/2/2022,1,19,47.2889235,56.94,0
8/2/2022,1,20,2.463569599,57.42,0
8/2/2022,1,20,17.48611101,57.19,0
8/2/2022,1,20,32.46146849,57.78,0
8/2/2022,1,20,47.43610419,58.56,0
8/2/2022,1,21,2.897740573,59.15,0
8/2/2022,1,21,17.90048612,59.19,0
8/2/2022,1,21,32.92183586,58.92,0
8/2/2022,1,21,47.92028758,59.21,0
8/2/2022,1,22,2.967085099,59.48,0
8/2/2022,1,22,17.9848933,59.8,0
8/2/2022,1,22,32.9652231,59.82,0
8/2/2022,1,22,47.96452392,60.36,0
8/2/2022,1,23,2.020361429,59.59,0
8/2/2022,1,23,17.01264038,60.95,0
8/2/2022,1,23,32.0035546,59.86,0
8/2/2022,1,23,47.01547904,60.38,0
8/2/2022,1,24,2.065478961,60.43,0
8/2/2022,1,24,17.10308831,60.43,0
8/2/2022,1,24,32.099413,60.36,0
8/2/2022,1,24,47.05954406,60.43,0
8/2/2022,1,25,2.123485087,60.68,0
8/2/2022,1,25,17.11803973,60.18,0
8/2/2022,1,25,32.14616781,60.72,0
8/2/2022,1,25,47.10640448,60.72,0
8/2/2022,1,26,2.131065556,60.49,0
8/2/2022,1,26,17.17155206,60.77,0
8/2/2022,1,26,32.15803004,61.08,0
8/2/2022,1,26,47.17760199,61.35,0
8/2/2022,1,27,2.227935792,61.35,0
8/2/2022,1,27,17.24002755,60.83,0
8/2/2022,1,27,32.21821363,61.4,0
8/2/2022,1,27,47.25162591,61.4,0
8/2/2022,1,28,2.318079867,61.94,0
8/2/2022,1,28,17.40651612,61.44,0
8/2/2022,1,28,32.32723528,61.99,0
8/2/2022,1,28,47.30860466,61.49,0
8/2/2022,1,29,2.405305041,62.01,0
8/2/2022,1,29,17.42320095,61.76,0
8/2/2022,1,29,32.38019675,62.33,0
8/2/2022,1,29,47.40550259,62.08,0
8/2/2022,1,30,2.461596421,61.74,0
8/2/2022,1,30,17.43864156,62.1,0
8/2/2022,1,30,32.46043941,62.37,0
8/2/2022,1,30,47.48240501,62.1,0
8/2/2022,1,31,2.530771454,61.83,0
8/2/2022,1,31,17.52638232,62.67,0
8/2/2022,1,31,32.55551755,62.17,0
8/2/2022,1,31,47.52742424,62.72,0
8/2/2022,1,32,2.573360665,62.42,0
8/2/2022,1,32,17.58650437,62.74,0
8/2/2022,1,32,32.57226595,61.97,0
8/2/2022,1,32,47.6047735,62.51,0
8/2/2022,1,33,2.663787433,63.06,0
8/2/2022,1,33,17.66220594,62.74,0
8/2/2022,1,33,32.66378891,62.49,0
8/2/2022,1,33,47.69446932,62.53,0
8/2/2022,1,34,2.748368294,62.51,0
8/2/2022,1,34,17.76305878,62.85,0
8/2/2022,1,34,32.78519606,62.58,0
8/2/2022,1,34,47.76591625,62.85,0
8/2/2022,1,35,2.209484445,62.85,0
8/2/2022,1,35,17.20063711,62.6,0
8/2/2022,1,35,32.21403692,62.28,0
8/2/2022,1,35,47.19819107,62.56,0
8/2/2022,1,36,2.237821814,62.38,0
8/2/2022,1,36,17.35118018,62.65,0
8/2/2022,1,36,32.25904734,62.58,0
8/2/2022,1,36,47.34569226,62.08,0
8/2/2022,1,37,2.372940902,62.08,0
8/2/2022,1,37,17.36527915,62.08,0
8/2/2022,1,37,32.39367891,62.1,0
8/2/2022,1,37,47.45592009,61.26,0
8/2/2022,1,38,2.485382328,60.94,0
8/2/2022,1,38,17.51332653,61.26,0
8/2/2022,1,38,32.49484941,61.28,0
8/2/2022,1,38,47.48444211,61.33,0
8/2/2022,1,39,2.614616693,61.26,0
8/2/2022,1,39,17.5232193,61.33,0
8/2/2022,1,39,32.51553447,60.73,0
8/2/2022,1,39,47.52245256,60.67,0
8/2/2022,1,40,2.608986188,60.46,0
8/2/2022,1,40,17.62317078,60.46,0
8/2/2022,1,40,32.62870798,59.94,0
8/2/2022,1,40,47.55873981,61.01,0
8/2/2022,1,41,2.651502011,60.78,0
8/2/2022,1,41,17.64242007,60.82,0
8/2/2022,1,41,32.64243162,61.14,0
8/2/2022,1,41,47.6625733,61.42,0
8/2/2022,1,42,2.688394731,61.74,0
8/2/2022,1,42,17.73928053,61.71,0
8/2/2022,1,42,32.70339863,62.05,0
8/2/2022,1,42,47.70805259,62.42,0
8/2/2022,1,43,2.747048855,62.99,0
8/2/2022,1,43,17.78217121,63.27,0
8/2/2022,1,43,32.75751644,63.86,0
8/2/2022,1,43,47.77154649,64.19,0
8/2/2022,1,44,2.838473098,63.93,0
8/2/2022,1,44,17.87195917,64.56,0
8/2/2022,1,44,32.8607815,64.83,0
8/2/2022,1,44,47.84485281,64.88,0
8/2/2022,1,45,2.958269428,64.9,0
8/2/2022,1,45,17.96984347,64.88,0
8/2/2022,1,45,32.95349281,64.67,0
8/2/2022,1,45,47.9297269,64.05,0
8/2/2022,1,46,2.001094302,64.35,0
8/2/2022,1,46,17.00236383,63.48,0
8/2/2022,1,46,31.98400523,64.07,0
8/2/2022,1,46,47.00184647,63.2,0
8/2/2022,1,47,2.079171469,63.24,0
8/2/2022,1,47,17.08859976,62.39,0
8/2/2022,1,47,32.07969055,62.1,0
8/2/2022,1,47,47.10635841,63.8,0
8/2/2022,1,48,2.124795322,63.5,0
8/2/2022,1,48,17.15301043,63.8,0
8/2/2022,1,48,32.16391226,63.24,0
8/2/2022,1,48,47.13637555,62.69,0
8/2/2022,1,49,2.191351346,61.77,0
8/2/2022,1,49,17.20304789,59.46,0
8/2/2022,1,49,32.20043487,57.45,0
8/2/2022,1,49,47.19155836,58.85,0
8/2/2022,1,50,2.24492363,58.87,0
8/2/2022,1,50,17.23626084,56.31,0
8/2/2022,1,50,32.2671745,56.31,0
8/2/2022,1,50,47.2495071,55.74,0
8/2/2022,1,51,2.2921476,56.48,0
8/2/2022,1,51,17.30848144,56.56,0
8/2/2022,1,51,32.31230505,55.72,0
8/2/2022,1,51,47.36451344,56.05,0
8/2/2022,1,52,2.436872808,56.01,0
8/2/2022,1,52,17.4797016,55.44,0
8/2/2022,1,52,32.44406736,56.01,0
8/2/2022,1,52,47.4578969,55.46,0
8/2/2022,1,53,2.528122063,56.03,0
8/2/2022,1,53,17.54486105,56.33,0
8/2/2022,1,53,32.53214794,56.33,0
8/2/2022,1,53,47.53553381,56.65,0
8/2/2022,1,54,2.623495214,56.41,0
8/2/2022,1,54,17.65682207,56.12,0
8/2/2022,1,54,32.61272282,55.23,0
8/2/2022,1,54,47.6411277,55.23,0
8/2/2022,1,55,2.715689201,56.07,0
8/2/2022,1,55,17.70097589,57.57,0
8/2/2022,1,55,32.70217224,60.23,0
8/2/2022,1,55,47.7192685,59.4,0
8/2/2022,1,56,2.845645893,59.12,0
8/2/2022,1,56,17.88779099,58.57,0
8/2/2022,1,56,32.85387817,55.69,0
8/2/2022,1,56,47.8571251,52.68,0
8/2/2022,1,57,2.8967786,52.99,0
8/2/2022,1,57,17.91636676,55.04,0
8/2/2022,1,57,32.88306644,55.92,0
8/2/2022,1,57,47.91971699,55.63,0
8/2/2022,1,58,2.051761905,58.83,0
8/2/2022,1,58,17.05837722,58.29,0
8/2/2022,1,58,32.09145987,57.72,0
8/2/2022,1,58,47.05664147,56.02,0
8/2/2022,1,59,2.147356473,56.3,0
8/2/2022,1,59,17.17789101,56.62,0
8/2/2022,1,59,32.14080621,53.46,0
8/2/2022,1,59,47.17561066,49.94,0
8/2/2022,2,0,2.342227577,50.8,0
8/2/2022,2,0,17.35728265,50.8,0
8/2/2022,2,0,32.35324104,49.9,0
8/2/2022,2,0,47.31608151,51.31,0
8/2/2022,2,1,2.37941864,51.58,0
8/2/2022,2,1,17.47258198,49.68,0
8/2/2022,2,1,32.39360294,50.5,0
8/2/2022,2,1,47.4259572,50.76,0
8/2/2022,2,2,2.481791899,50.81,0
8/2/2022,2,2,17.59660043,51.38,0
8/2/2022,2,2,32.50803244,51.4,0
8/2/2022,2,2,47.56272134,51.97,0
8/2/2022,2,3,2.591053455,53.11,0
8/2/2022,2,3,17.60540281,54.03,0
8/2/2022,2,3,32.5848538,54.35,0
8/2/2022,2,3,47.60550937,54.94,0
8/2/2022,2,4,2.701783683,53.56,0
8/2/2022,2,4,17.70390788,54.43,0
8/2/2022,2,4,32.70484728,54.15,0
8/2/2022,2,4,47.69373842,52.71,0
8/2/2022,2,5,2.75285198,52.08,0
8/2/2022,2,5,17.75054554,52.65,0
8/2/2022,2,5,32.74688528,53.83,0
8/2/2022,2,5,47.71363826,53.03,0
8/2/2022,2,6,2.888731467,53.3,0
8/2/2022,2,6,17.91644764,51.88,0
8/2/2022,2,6,32.89715887,52.45,0
8/2/2022,2,6,47.90784431,52.18,0
8/2/2022,2,7,2.115858127,52.71,0
8/2/2022,2,7,17.11852413,53.04,0
8/2/2022,2,7,32.11753023,52.49,0
8/2/2022,2,7,47.11865834,53.01,0
8/2/2022,2,8,2.188359186,51.85,0
8/2/2022,2,8,17.21775594,53.04,0
8/2/2022,2,8,32.18307752,52.71,0
8/2/2022,2,8,47.19690558,48.48,0
8/2/2022,2,9,2.235903711,48.96,0
8/2/2022,2,9,17.30757526,48.14,0
8/2/2022,2,9,32.24513518,51.55,0
8/2/2022,2,9,47.3161903,51.31,0
8/2/2022,2,10,2.398659004,47.86,0
8/2/2022,2,10,17.46625591,49.53,0
8/2/2022,2,10,32.39654006,52.23,0
8/2/2022,2,10,47.3840927,52.22,0
8/2/2022,2,11,2.422153631,49.59,0
8/2/2022,2,11,17.44301097,49.05,0
8/2/2022,2,11,32.45406064,43.87,0
8/2/2022,2,11,47.44335232,47.3,0
8/2/2022,2,12,2.453824159,51.9,0
8/2/2022,2,12,17.4979871,47.95,0
8/2/2022,2,12,32.49883784,46.52,0
8/2/2022,2,12,47.58631803,44.77,0
8/2/2022,2,13,2.675335982,45.85,0
8/2/2022,2,13,17.69643563,45.05,0
8/2/2022,2,13,32.68073525,44.19,0
8/2/2022,2,13,47.69592041,48.96,0
8/2/2022,2,14,2.729117251,49.95,0
8/2/2022,2,14,17.76635911,49.19,0
8/2/2022,2,14,32.74612552,47.91,0
8/2/2022,2,14,47.72556202,49.43,0
8/2/2022,2,15,2.798610473,47.02,0
8/2/2022,2,15,17.78387973,49.07,0
8/2/2022,2,15,32.81022436,47.43,0
8/2/2022,2,15,47.76377877,47.11,0
8/2/2022,2,16,2.410850306,44.79,0
8/2/2022,2,16,17.48571292,49.11,0
8/2/2022,2,16,32.41418385,47.66,0
8/2/2022,2,16,47.48359925,47.69,0
8/2/2022,2,17,2.524029873,46.9,0
8/2/2022,2,17,17.54900101,47.07,0
8/2/2022,2,17,32.53716081,43.17,0
8/2/2022,2,17,47.54503498,40.35,1
8/2/2022,2,18,2.585757408,48.52,0
8/2/2022,2,18,17.60245272,48.31,0
8/2/2022,2,18,32.59608292,48.04,0
8/2/2022,2,18,47.60996891,46.93,0
8/2/2022,2,19,2.677135258,47.19,0
8/2/2022,2,19,17.67724766,46.92,0
8/2/2022,2,19,32.65605242,46.92,0
8/2/2022,2,19,47.69582685,46.62,0
8/2/2022,2,20,2.764712825,48.31,0
8/2/2022,2,20,17.76564516,46.38,0
8/2/2022,2,20,32.76840201,45.79,0
8/2/2022,2,20,47.7456167,46.09,0
8/2/2022,2,21,2.78774616,45.52,0
8/2/2022,2,21,17.79622443,45.5,0
8/2/2022,2,21,32.79613236,45.24,0
8/2/2022,2,21,47.76974864,44.95,0
8/2/2022,2,22,2.797055118,45.23,0
8/2/2022,2,22,17.82933255,44.66,0
8/2/2022,2,22,32.8166214,44.67,0
8/2/2022,2,22,47.80981609,44.95,0
8/2/2022,2,23,2.877029995,44.66,0
8/2/2022,2,23,17.89524322,44.97,0
8/2/2022,2,23,32.86882524,44.64,0
8/2/2022,2,23,47.88610254,44.64,0
8/2/2022,2,24,2.928833151,44.12,0
8/2/2022,2,24,17.96156205,44.12,0
8/2/2022,2,24,32.93539655,44.67,0
8/2/2022,2,24,47.9111977,43.83,1
8/2/2022,2,25,2.989270738,44.66,0
8/2/2022,2,25,17.97981465,44.41,0
8/2/2022,2,25,33.00233876,43.85,0
8/2/2022,2,25,47.96028744,43.54,1
8/2/2022,2,26,2.031095036,44.11,2
8/2/2022,2,26,17.02258026,41.57,0
8/2/2022,2,26,32.03668197,40.7,0
8/2/2022,2,26,47.02305735,38.71,1
8/2/2022,2,27,2.079551019,40.38,2
8/2/2022,2,27,17.10566948,38.15,0
8/2/2022,2,27,32.08081973,40.35,0
8/2/2022,2,27,47.08138075,40.93,1
8/2/2022,2,28,2.151594017,39.25,2
8/2/2022,2,28,17.16093751,40.35,0
8/2/2022,2,28,32.13947986,41.23,0
8/2/2022,2,28,47.15602094,42.05,1
8/2/2022,2,29,2.193816538,42.94,2
8/2/2022,2,29,17.22372686,43.8,0
8/2/2022,2,29,32.2346187,44.98,0
8/2/2022,2,29,47.20443267,44.17,1
8/2/2022,2,30,2.274697074,45.86,0
8/2/2022,2,30,17.28631526,45.03,0
8/2/2022,2,30,32.30156064,44.45,0
8/2/2022,2,30,47.25420495,44.76,0
8/2/2022,2,31,2.37276306,44.19,0
8/2/2022,2,31,17.36746219,41.93,0
8/2/2022,2,31,32.35642154,42.18,0
8/2/2022,2,31,47.44394643,44.45,0
8/2/2022,2,32,2.498914806,39.36,2
8/2/2022,2,32,17.51488157,37.05,0
8/2/2022,2,32,32.50984289,39.86,0
8/2/2022,2,32,47.53316876,41.31,1
8/2/2022,2,33,2.647689587,44.14,0
8/2/2022,2,33,17.67353983,44.2,0
8/2/2022,2,33,32.65022013,42.82,0
8/2/2022,2,33,47.6650288,42.78,1
8/2/2022,2,34,2.729743596,42.19,2
8/2/2022,2,34,17.7393078,43.91,0
8/2/2022,2,34,32.70961366,42.25,0
8/2/2022,2,34,47.75328942,41.93,1
8/2/2022,2,35,2.807680285,42.45,2
8/2/2022,2,35,17.84219156,44.98,0
8/2/2022,2,35,32.82262029,42.24,0
8/2/2022,2,35,47.80896414,41.7,1
8/2/2022,2,36,2.917168732,41.98,2
8/2/2022,2,36,17.93277652,40.83,0
8/2/2022,2,36,32.89761402,41.67,0
8/2/2022,2,36,47.90145282,39.42,1
8/2/2022,2,37,2.935833486,37.67,2
8/2/2022,2,37,17.96663453,36.27,2
8/2/2022,2,37,32.941217,39.6,0
8/2/2022,2,37,47.96788272,38.81,1
8/2/2022,2,38,2.025942513,35.64,2
8/2/2022,2,38,17.04100673,37.64,0
8/2/2022,2,38,32.02704905,35.95,1
8/2/2022,2,38,47.02359299,37.35,1
8/2/2022,2,39,2.120304943,39.83,2
8/2/2022,2,39,17.08042023,40.77,0
8/2/2022,2,39,32.08230739,40.77,0
8/2/2022,2,39,47.04659537,42.22,1
8/2/2022,2,40,2.226123054,39.68,2
8/2/2022,2,40,17.21874612,37.7,0
8/2/2022,2,40,32.24084899,35.69,1
8/2/2022,2,40,47.24170008,37.33,1
8/2/2022,2,41,2.301106172,38.19,2
8/2/2022,2,41,17.31468316,39.06,0
8/2/2022,2,41,32.31597453,36.26,1
8/2/2022,2,41,47.29518604,36.78,1
8/2/2022,2,42,2.354346376,37.63,2
8/2/2022,2,42,17.32784249,37.33,0
8/2/2022,2,42,32.32140978,37.63,0
8/2/2022,2,42,47.3412718,41.04,1
8/2/2022,2,43,2.387187231,42.22,2
8/2/2022,2,43,17.40375492,41.4,0
8/2/2022,2,43,32.38302449,41.16,0
8/2/2022,2,43,47.44980883,38.64,1
8/2/2022,2,44,2.479798909,41.15,2
8/2/2022,2,44,17.49035957,40.61,0
8/2/2022,2,44,32.49078717,39.2,0
8/2/2022,2,44,47.48562833,40.6,1
8/2/2022,2,45,2.542027139,41.44,2
8/2/2022,2,45,17.58260906,41.15,0
8/2/2022,2,45,32.53924057,36.39,1
8/2/2022,2,45,47.54029695,39.41,1
8/2/2022,2,46,2.577712086,38.07,2
8/2/2022,2,46,17.60957504,33.78,2
8/2/2022,2,46,32.58386239,32.11,1
8/2/2022,2,46,47.56064595,33.21,1
8/2/2022,2,47,2.622243728,35.98,2
8/2/2022,2,47,17.67015257,38.23,0
8/2/2022,2,47,32.6751362,38.57,0
8/2/2022,2,47,47.68108267,34.32,1
8/2/2022,2,48,2.73836572,37.95,2
8/2/2022,2,48,17.75046326,40.28,0
8/2/2022,2,48,32.71598903,41.15,0
8/2/2022,2,48,47.75789427,40.31,1
8/2/2022,2,49,2.806923409,39.77,2
8/2/2022,2,49,17.81946404,38.35,0
8/2/2022,2,49,32.80830337,33.83,1
8/2/2022,2,49,47.82800938,37.97,1
8/2/2022,2,50,2.900117335,39.74,2
8/2/2022,2,50,17.87670166,39.19,0
8/2/2022,2,50,32.88535583,38.93,0
8/2/2022,2,50,47.86016433,35.55,1
8/2/2022,2,51,2.91576262,34.11,2
8/2/2022,2,51,17.91724788,33.5,2
8/2/2022,2,51,32.92131914,35.94,1
8/2/2022,2,51,47.93835076,36.58,1
8/2/2022,2,52,1.973908212,31.84,2
8/2/2022,2,52,16.99763425,36.01,2
8/2/2022,2,52,31.97638735,36.85,0
8/2/2022,2,52,46.97266859,38.32,1
8/2/2022,2,53,2.051573941,38.87,2
8/2/2022,2,53,17.09458307,30.98,2
8/2/2022,2,53,32.04947946,33.45,1
8/2/2022,2,53,47.05583924,34.62,1
8/2/2022,2,54,2.088211508,34.89,2
8/2/2022,2,54,17.11469263,35.17,2
8/2/2022,2,54,32.08590366,37.42,0
8/2/2022,2,54,47.10379808,38.65,1
8/2/2022,2,55,2.170824372,40.32,2
8/2/2022,2,55,17.14397843,38.1,0
8/2/2022,2,55,32.13066017,34.67,1
8/2/2022,2,55,47.14079746,31.6,1
8/2/2022,2,56,2.217097509,33.8,2
8/2/2022,2,56,17.18696365,32.4,2
8/2/2022,2,56,32.19594725,34.08,1
8/2/2022,2,56,47.18785323,36.32,1
8/2/2022,2,57,2.22574203,32.43,2
8/2/2022,2,57,17.26035467,33.23,2
8/2/2022,2,57,32.2520614,36.85,0
8/2/2022,2,57,47.23099855,38.03,1
8/2/2022,2,58,2.260630325,38.88,2
8/2/2022,2,58,17.33453533,37.26,0
8/2/2022,2,58,32.26729678,35.55,1
8/2/2022,2,58,47.28936106,34.7,1
8/2/2022,2,59,2.332822446,34.1,2
8/2/2022,2,59,17.41575169,34.67,2
8/2/2022,2,59,32.34391736,34.95,1
8/2/2022,2,59,47.3215583,35.52,1
8/2/2022,3,0,2.408575236,37.2,2
8/2/2022,3,0,17.38935534,37.23,0
8/2/2022,3,0,32.40675355,35.84,1
8/2/2022,3,0,47.40847029,35.53,1
8/2/2022,3,1,2.526014684,35.26,2
8/2/2022,3,1,17.54023495,36.66,0
8/2/2022,3,1,32.52373987,36.11,1
8/2/2022,3,1,47.66134829,36.97,1
8/2/2022,3,2,2.725677924,36.99,2
8/2/2022,3,2,17.7506855,37.57,0
8/2/2022,3,2,32.70557253,36.45,1
8/2/2022,3,2,47.69372797,37.57,1
8/2/2022,3,3,2.741640532,36.45,2
8/2/2022,3,3,17.78751284,29.7,2
8/2/2022,3,3,32.75185458,31.31,1
8/2/2022,3,3,47.72758609,34.93,1
8/2/2022,3,4,2.804807085,37.79,2
8/2/2022,3,4,17.81341047,36.47,2
8/2/2022,3,4,32.81251611,32.48,1
8/2/2022,3,4,47.81165289,38.68,1
8/2/2022,3,5,2.869978854,36.99,2
8/2/2022,3,5,17.86831113,36.72,0
8/2/2022,3,5,32.85708102,30.56,1
8/2/2022,3,5,47.84272163,31.3,1
8/2/2022,3,6,2.904463719,31.85,2
8/2/2022,3,6,17.91942748,38.61,0
8/2/2022,3,6,32.92137806,36.7,1
8/2/2022,3,6,47.95635521,34.47,1
8/2/2022,3,7,1.997332334,37.83,2
8/2/2022,3,7,17.01376016,30.27,2
8/2/2022,3,7,32.0246776,31.33,1
8/2/2022,3,7,47.02190956,31.61,1
8/2/2022,3,8,2.040200568,31.88,2
8/2/2022,3,8,17.06567131,31.3,2
8/2/2022,3,8,32.03360824,37.2,0
8/2/2022,3,8,47.04530854,36.44,1
8/2/2022,3,9,2.092955273,36.98,2
8/2/2022,3,9,17.09561115,34.5,2
8/2/2022,3,9,32.09991589,31.39,1
8/2/2022,3,9,47.10407406,28.01,1
8/2/2022,3,10,2.186221671,32.12,2
8/2/2022,3,10,17.20704363,30.48,2
8/2/2022,3,10,32.20360642,31.02,1
8/2/2022,3,10,47.14984503,32.42,1
8/2/2022,3,11,2.19470143,32.97,2
8/2/2022,3,11,17.22437932,34.38,2
8/2/2022,3,11,32.20424326,36.98,0
8/2/2022,3,11,47.2644315,37.28,1
8/2/2022,3,12,2.358684119,37.54,2
8/2/2022,3,12,17.37433626,33.91,2
8/2/2022,3,12,32.35545701,34.75,1
8/2/2022,3,12,47.3573761,33.08,1
8/2/2022,3,13,2.508951072,31.92,2
8/2/2022,3,13,17.51695566,29.98,2
8/2/2022,3,13,32.50924384,33.04,1
8/2/2022,3,13,47.50383507,33.04,1
8/2/2022,3,14,2.564216324,35.59,2
8/2/2022,3,14,17.55820382,35.61,2
8/2/2022,3,14,32.54745679,33.35,1
8/2/2022,3,14,47.54671337,30.84,1
8/2/2022,3,15,2.660783801,32.73,2
8/2/2022,3,15,17.64412271,33.59,2
8/2/2022,3,15,32.65219618,27.19,1
8/2/2022,3,15,47.6297247,31.6,1
8/2/2022,3,16,2.700375118,31.57,2
8/2/2022,3,16,17.71295988,29.65,2
8/2/2022,3,16,32.69512482,31.61,1
8/2/2022,3,16,47.70827149,29.93,1
8/2/2022,3,17,2.869969364,31.88,2
8/2/2022,3,17,17.90121284,35.01,2
8/2/2022,3,17,32.8767081,36.99,1
8/2/2022,3,17,47.85998097,37.56,1
8/2/2022,3,18,2.922796465,29.99,2
8/2/2022,3,18,17.96155785,27.73,2
8/2/2022,3,18,32.92987906,31.35,1
8/2/2022,3,18,47.94401807,28.27,1
8/2/2022,3,19,2.017079337,30.5,2
8/2/2022,3,19,17.0169379,29.66,2
8/2/2022,3,19,32.01192677,31.31,1
8/2/2022,3,19,47.03472561,32.16,1
8/2/2022,3,20,2.136411959,31.54,2
8/2/2022,3,20,17.13012094,30.49,2
8/2/2022,3,20,32.11842133,31.04,1
8/2/2022,3,20,47.11989294,30.21,1
8/2/2022,3,21,2.179794249,31.6,2
8/2/2022,3,21,17.22418708,32.46,2
8/2/2022,3,21,32.22565622,32.43,1
8/2/2022,3,21,47.19515033,34.43,1
8/2/2022,3,22,2.263593853,35.3,2
8/2/2022,3,22,17.34212214,32.53,2
8/2/2022,3,22,32.26574074,30.21,1
8/2/2022,3,22,47.30136054,44.84,0
8/2/2022,3,23,2.375428327,31.12,2
8/2/2022,3,23,17.45334269,26.93,2
8/2/2022,3,23,32.36827846,31.87,1
8/2/2022,3,23,47.37716832,34.53,1
8/2/2022,3,24,2.460311324,31.1,2
8/2/2022,3,24,17.55696185,29.39,2
8/2/2022,3,24,32.44398655,26.9,1
8/2/2022,3,24,47.48631083,31.6,1
8/2/2022,3,25,2.564879206,30.51,2
8/2/2022,3,25,17.58652674,31.05,2
8/2/2022,3,25,32.56522765,30.52,1
8/2/2022,3,25,47.54486651,28.84,1
8/2/2022,3,26,2.60665459,30.5,2
8/2/2022,3,26,17.63788563,30.52,2
8/2/2022,3,26,32.60611227,29.96,1
8/2/2022,3,26,47.65057168,30.82,1
8/2/2022,3,27,2.711422631,27.45,2
8/2/2022,3,27,17.70068565,29.65,2
8/2/2022,3,27,32.72353736,31.35,1
8/2/2022,3,27,47.69983157,36.43,1
8/2/2022,3,28,2.773968337,33.39,2
8/2/2022,3,28,17.79295176,28.87,2
8/2/2022,3,28,32.78218866,29.68,1
8/2/2022,3,28,47.77351795,32.21,1
8/2/2022,3,29,2.826995894,27.98,2
8/2/2022,3,29,17.85059789,32.74,2
8/2/2022,3,29,32.80859739,33.39,1
8/2/2022,3,29,47.85783001,33.35,1
8/2/2022,3,30,2.913425778,33.13,2
8/2/2022,3,30,17.90878713,31.67,2
8/2/2022,3,30,32.92342751,29.43,1
8/2/2022,3,30,47.90280799,26.93,1
8/2/2022,3,31,1.981198529,31.64,2
8/2/2022,3,31,17.00414319,30.85,2
8/2/2022,3,31,31.96655018,30.25,1
8/2/2022,3,31,46.93272392,28.57,1
8/2/2022,3,32,1.977709431,29.42,2
8/2/2022,3,32,16.98703487,33.61,2
8/2/2022,3,32,31.97820535,28.28,1
8/2/2022,3,32,46.95642533,30.82,1
8/2/2022,3,33,1.983128823,31.38,2
8/2/2022,3,33,17.00038728,30.55,2
8/2/2022,3,33,32.00689474,33.04,1
8/2/2022,3,33,47.02292682,27.44,1
8/2/2022,3,34,2.087641564,29.11,2
8/2/2022,3,34,17.09966336,29.09,2
8/2/2022,3,34,32.10045612,31.09,1
8/2/2022,3,34,47.07930503,30.81,1
8/2/2022,3,35,2.128914336,30.5,2
8/2/2022,3,35,17.1310596,36.43,2
8/2/2022,3,35,32.16002887,31.71,1
8/2/2022,3,35,47.11275892,29.97,1
8/2/2022,3,36,2.143833368,32.77,2
8/2/2022,3,36,17.16138891,27.21,2
8/2/2022,3,36,32.13815804,28.54,1
8/2/2022,3,36,47.15400744,27.46,1
8/2/2022,3,37,2.197574665,28.01,2
8/2/2022,3,37,17.23680038,28.55,2
8/2/2022,3,37,32.18847017,36.15,1
8/2/2022,3,37,47.22721496,26.9,1
8/2/2022,3,38,2.324382083,28.28,2
8/2/2022,3,38,17.34492703,30.51,2
8/2/2022,3,38,32.29731311,28.29,1
8/2/2022,3,38,47.37628178,31.91,1
8/2/2022,3,39,2.379336686,35.34,2
8/2/2022,3,39,17.40101195,33.42,2
8/2/2022,3,39,32.44559945,30.59,1
8/2/2022,3,39,47.46530985,27.77,1
8/2/2022,3,40,2.665792393,28.56,2
8/2/2022,3,40,17.6607675,29.96,2
8/2/2022,3,40,32.67454509,31.08,1
8/2/2022,3,40,47.63659777,33.08,1
8/2/2022,3,41,2.853964304,33.97,2
8/2/2022,3,41,17.86996719,32.86,2
8/2/2022,3,41,32.87642865,34.53,1
8/2/2022,3,41,47.88555288,30.61,1
8/2/2022,3,42,2.97493892,24.14,2
8/2/2022,3,42,17.96189356,25.81,2
8/2/2022,3,42,32.95062289,27.73,1
8/2/2022,3,42,47.98437252,26.91,1
8/2/2022,3,43,2.063115702,29.13,2
8/2/2022,3,43,17.07225403,28.86,2
8/2/2022,3,43,32.05445683,28.31,1
8/2/2022,3,43,47.04093419,29.98,1
8/2/2022,3,44,2.076481001,27.75,2
8/2/2022,3,44,17.09383746,28.6,2
8/2/2022,3,44,32.07180865,34.51,1
8/2/2022,3,44,47.05972494,30.87,1
8/2/2022,3,45,2.150119086,29.74,2
8/2/2022,3,45,17.11954589,29.71,2
8/2/2022,3,45,32.12322336,33.97,1
8/2/2022,3,45,47.12170826,32.3,1
8/2/2022,3,46,2.155113528,32.83,2
8/2/2022,3,46,17.19298241,24.71,2
8/2/2022,3,46,32.18258506,26.92,1
8/2/2022,3,46,47.16904105,28.29,1
8/2/2022,3,47,2.212383936,31.38,2
8/2/2022,3,47,17.20571197,31.4,2
8/2/2022,3,47,32.20866396,33.98,1
8/2/2022,3,47,47.20545784,31.75,1
8/2/2022,3,48,2.281474309,32.02,2
8/2/2022,3,48,17.32125057,30.92,2
8/2/2022,3,48,32.30777839,30.65,1
8/2/2022,3,48,47.34068197,28.68,1
8/2/2022,3,49,2.457173399,24.14,2
8/2/2022,3,49,17.5367297,22.78,2
8/2/2022,3,49,32.44344634,27.74,1
8/2/2022,3,49,47.47848579,28.02,1
8/2/2022,3,50,2.571744752,29.97,2
8/2/2022,3,50,17.56526365,31.4,2
8/2/2022,3,50,32.56225572,31.46,1
8/2/2022,3,50,47.54114013,30.34,1
8/2/2022,3,51,2.688632539,25.24,2
8/2/2022,3,51,17.70072964,34.53,2
8/2/2022,3,51,32.67817288,31.19,1
8/2/2022,3,51,47.71552577,25.57,1
8/2/2022,3,52,2.749613888,25.26,2
8/2/2022,3,52,17.77371035,27.2,2
8/2/2022,3,52,32.77107571,29.72,1
8/2/2022,3,52,47.74755928,27.21,1
8/2/2022,3,53,2.781552406,24.97,2
8/2/2022,3,53,17.79212916,27.48,2
8/2/2022,3,53,32.79729902,27.21,1
8/2/2022,3,53,47.79892715,23.52,1
8/2/2022,3,54,2.852800283,34.28,2
8/2/2022,3,54,17.86312674,27.2,2
8/2/2022,3,54,32.85790377,27.18,1
8/2/2022,3,54,47.85963059,27.46,1
8/2/2022,3,55,2.924837925,28.57,2
8/2/2022,3,55,17.92387176,28.87,2
8/2/2022,3,55,32.96309637,29.99,1
8/2/2022,3,55,47.92180839,31.41,1
8/2/2022,3,56,1.967601771,33.43,2
8/2/2022,3,56,16.98382917,33.15,2
8/2/2022,3,56,31.96721294,25.33,1
8/2/2022,3,56,46.93083661,30.37,1
8/2/2022,3,57,1.967270111,28.11,2
8/2/2022,3,57,16.97116469,27.53,2
8/2/2022,3,57,31.98107778,27.8,1
8/2/2022,3,57,46.9363232,27.52,1
8/2/2022,3,58,2.005606907,27.5,2
8/2/2022,3,58,17.03856811,27.5,2
8/2/2022,3,58,32.01472487,27.79,1
8/2/2022,3,58,46.99170521,28.35,1
8/2/2022,3,59,2.003410909,29.44,2
8/2/2022,3,59,17.0175132,28.9,2
8/2/2022,3,59,32.01799927,28.35,1
8/2/2022,3,59,47.0242633,28.89,1
8/2/2022,4,0,2.14055086,28.9,2
8/2/2022,4,0,17.15749911,29.75,2
8/2/2022,4,0,32.12718001,32.0,1
8/2/2022,4,0,47.12901996,31.98,1
8/2/2022,4,1,2.147002605,28.12,2
8/2/2022,4,1,17.18209362,29.41,2
8/2/2022,4,1,32.18346865,29.52,1
8/2/2022,4,1,47.16886316,22.55,1
8/2/2022,4,2,2.249752496,25.5,2
8/2/2022,4,2,17.27035752,26.37,2
8/2/2022,4,2,32.25391952,28.01,1
8/2/2022,4,2,47.27097175,23.04,1
8/2/2022,4,3,2.287413562,26.08,2
8/2/2022,4,3,17.32214857,26.36,2
8/2/2022,4,3,32.32961473,27.74,1
8/2/2022,4,3,47.30971492,38.94,1
8/2/2022,4,4,2.328777548,32.03,2
8/2/2022,4,4,17.35986608,32.05,2
8/2/2022,4,4,32.33036343,30.93,1
8/2/2022,4,4,47.34647137,29.81,1
8/2/2022,4,5,2.435690873,31.19,2
8/2/2022,4,5,17.46303251,34.09,2
8/2/2022,4,5,32.4428062,31.22,1
8/2/2022,4,5,47.40840352,30.09,1
8/2/2022,4,6,2.475168573,28.43,2
8/2/2022,4,6,17.50663946,26.99,2
8/2/2022,4,6,32.49330698,23.39,1
8/2/2022,4,6,47.47849396,24.43,1
8/2/2022,4,7,2.513319143,24.97,2
8/2/2022,4,7,17.63985345,24.41,2
8/2/2022,4,7,32.50564539,27.18,1
8/2/2022,4,7,47.5034133,31.18,1
8/2/2022,4,8,2.557911372,32.05,2
8/2/2022,4,8,17.54742606,24.78,2
8/2/2022,4,8,32.55456665,24.17,1
8/2/2022,4,8,47.56640744,25.0,1
8/2/2022,4,9,2.572481841,26.38,2
8/2/2022,4,9,17.62790301,26.95,2
8/2/2022,4,9,32.62612636,24.44,1
8/2/2022,4,9,47.61180493,27.19,1
8/2/2022,4,10,2.819276911,43.39,2
8/2/2022,4,10,17.7145877,27.0,2
8/2/2022,4,10,32.70329234,13.16,1
8/2/2022,4,10,47.72137748,35.45,1
8/2/2022,4,11,2.766063537,27.83,2
8/2/2022,4,11,17.77873044,15.6,2
8/2/2022,4,11,32.8213521,32.6,1
8/2/2022,4,11,47.76096498,36.26,1
8/2/2022,4,12,2.90420908,11.23,2
8/2/2022,4,12,17.91092448,41.1,0
8/2/2022,4,12,32.92326422,29.58,1
8/2/2022,4,12,47.89950481,34.58,1
8/2/2022,4,13,2.939941005,20.88,2
8/2/2022,4,13,17.97303542,25.85,2
8/2/2022,4,13,32.94208799,30.04,1
8/2/2022,4,13,47.96009875,34.78,1
8/2/2022,4,14,1.996786053,30.92,2
8/2/2022,4,14,17.0061762,31.77,2
8/2/2022,4,14,31.9870601,12.06,1
8/2/2022,4,14,46.97657813,30.07,1
8/2/2022,4,15,2.072866779,13.14,2
8/2/2022,4,15,17.05537263,35.09,2
8/2/2022,4,15,32.05743653,30.38,1
8/2/2022,4,15,47.04140932,28.7,1
8/2/2022,4,16,2.243391882,28.42,2
8/2/2022,4,16,17.25433639,27.59,2
8/2/2022,4,16,32.25403597,26.17,1
8/2/2022,4,16,47.27735317,25.32,1
8/2/2022,4,17,2.317986478,23.64,2
8/2/2022,4,17,17.32095848,22.52,2
8/2/2022,4,17,32.33748296,23.33,1
8/2/2022,4,17,47.30879024,23.3,1
8/2/2022,4,18,2.334812875,25.55,2
8/2/2022,4,18,17.38557913,24.72,2
8/2/2022,4,18,32.32677422,24.15,1
8/2/2022,4,18,47.35195022,24.68,1
8/2/2022,4,19,2.393050215,24.15,2
8/2/2022,4,19,17.42793708,25.26,2
8/2/2022,4,19,32.41196742,25.54,1
8/2/2022,4,19,47.43372155,24.7,1
8/2/2022,4,20,2.55326848,24.97,2
8/2/2022,4,20,17.54111173,26.08,2
8/2/2022,4,20,32.5481706,24.43,1
8/2/2022,4,20,47.52227339,24.14,1
8/2/2022,4,21,2.570819984,23.03,2
8/2/2022,4,21,17.5746787,21.62,2
8/2/2022,4,21,32.58510936,20.5,1
8/2/2022,4,21,47.56717103,19.95,1
8/2/2022,4,22,2.613592645,19.1,2
8/2/2022,4,22,17.63032509,18.81,2
8/2/2022,4,22,32.62525951,18.25,1
8/2/2022,4,22,47.59649783,17.97,1
8/2/2022,4,23,2.675423777,17.42,2
8/2/2022,4,23,17.69656464,17.66,2
8/2/2022,4,23,32.69080471,17.39,1
8/2/2022,4,23,47.66235909,17.93,1
8/2/2022,4,24,2.733529321,17.91,2
8/2/2022,4,24,17.74031017,17.64,2
8/2/2022,4,24,32.72431983,18.18,1
8/2/2022,4,24,47.73209382,17.91,1
8/2/2022,4,25,2.79642849,18.44,2
8/2/2022,4,25,17.78102245,18.71,2
8/2/2022,4,25,32.82190241,19.25,1
8/2/2022,4,25,47.77851624,19.25,1
8/2/2022,4,26,2.830611955,19.79,2
8/2/2022,4,26,17.84170715,20.06,2
8/2/2022,4,26,32.85177041,20.34,1
8/2/2022,4,26,47.80514281,20.61,1
8/2/2022,4,27,2.854083318,21.44,2
8/2/2022,4,27,17.86025723,21.72,2
8/2/2022,4,27,32.86687407,21.99,1
8/2/2022,4,27,47.86025457,22.55,1
8/2/2022,4,28,2.901040854,22.83,2
8/2/2022,4,28,17.9446965,23.67,2
8/2/2022,4,28,32.89115232,24.5,1
8/2/2022,4,28,47.94991667,24.52,1
8/2/2022,4,29,2.003565786,25.63,2
8/2/2022,4,29,17.0248447,26.19,2
8/2/2022,4,29,31.98544138,26.76,1
8/2/2022,4,29,47.01296162,28.18,1
8/2/2022,4,30,2.074292695,28.75,2
8/2/2022,4,30,17.05123007,29.89,2
8/2/2022,4,30,32.07520084,29.95,1
8/2/2022,4,30,47.03858347,31.08,1
8/2/2022,4,31,2.082936582,31.71,2
8/2/2022,4,31,17.10424069,32.6,2
8/2/2022,4,31,32.06788326,34.37,1
8/2/2022,4,31,47.09351859,36.17,1
8/2/2022,4,32,2.16507755,30.48,2
8/2/2022,4,32,17.17842487,27.85,2
8/2/2022,4,32,32.1669391,28.42,1
8/2/2022,4,32,47.15884346,29.27,1
8/2/2022,4,33,2.243393157,29.26,2
8/2/2022,4,33,17.23651818,29.84,2
8/2/2022,4,33,32.23134785,27.88,1
8/2/2022,4,33,47.25061221,28.99,1
8/2/2022,4,34,2.305292578,29.01,2
8/2/2022,4,34,17.35703159,28.73,2
8/2/2022,4,34,32.30247014,27.89,1
8/2/2022,4,34,47.29707468,27.34,1
8/2/2022,4,35,2.371114648,27.32,2
8/2/2022,4,35,17.35860097,27.04,2
8/2/2022,4,35,32.38016737,26.77,1
8/2/2022,4,35,47.33210457,26.76,1
8/2/2022,4,36,2.380013884,26.76,2
8/2/2022,4,36,17.37450322,26.48,2
8/2/2022,4,36,32.35726704,26.2,1
8/2/2022,4,36,47.39365391,26.2,1
8/2/2022,4,37,2.415247007,26.18,2
8/2/2022,4,37,17.45647621,25.62,2
8/2/2022,4,37,32.45050293,25.62,1
8/2/2022,4,37,47.46983282,25.62,1
8/2/2022,4,38,2.644383078,25.33,2
8/2/2022,4,38,17.65683902,25.06,2
8/2/2022,4,38,32.65577232,24.78,1
8/2/2022,4,38,47.62634918,24.22,1
8/2/2022,4,39,2.670452354,23.36,2
8/2/2022,4,39,17.67348168,22.8,2
8/2/2022,4,39,32.6892195,22.53,1
8/2/2022,4,39,47.66033613,23.89,1
8/2/2022,4,40,2.729482885,23.34,2
8/2/2022,4,40,17.75583075,23.34,2
8/2/2022,4,40,32.72437836,22.5,1
8/2/2022,4,40,47.7194275,23.6,1
8/2/2022,4,41,2.771750358,23.88,2
8/2/2022,4,41,17.7891084,23.87,2
8/2/2022,4,41,32.76714683,24.16,1
8/2/2022,4,41,47.7580492,23.34,1
8/2/2022,4,42,2.800992584,23.05,2
8/2/2022,4,42,17.83754716,24.16,2
8/2/2022,4,42,32.79964298,24.72,1
8/2/2022,4,42,47.82649246,24.44,1
8/2/2022,4,43,2.885072534,23.88,2
8/2/2022,4,43,17.94145272,23.61,2
8/2/2022,4,43,32.90928298,24.16,1
8/2/2022,4,43,47.92535705,23.89,1
8/2/2022,4,44,1.996777384,23.88,2
8/2/2022,4,44,17.0056973,23.86,2
8/2/2022,4,44,31.96108528,24.15,1
8/2/2022,4,44,46.99089112,23.88,1
8/2/2022,4,45,2.067739105,24.42,2
8/2/2022,4,45,17.05336574,24.72,2
8/2/2022,4,45,32.08734313,24.97,1
8/2/2022,4,45,47.05047378,24.71,1
8/2/2022,4,46,2.114690008,25.0,2
8/2/2022,4,46,17.13504491,25.27,2
8/2/2022,4,46,32.11960469,25.55,1
8/2/2022,4,46,47.10067641,25.82,1
8/2/2022,4,47,2.278833594,26.39,2
8/2/2022,4,47,17.31927706,27.22,2
8/2/2022,4,47,32.28879118,28.1,1
8/2/2022,4,47,47.31500323,28.39,1
8/2/2022,4,48,2.360415078,28.4,2
8/2/2022,4,48,17.45613597,29.0,2
8/2/2022,4,48,32.40248748,29.86,1
8/2/2022,4,48,47.45911495,29.88,1
8/2/2022,4,49,2.526202321,28.5,2
8/2/2022,4,49,17.65298871,26.51,2
8/2/2022,4,49,32.52105703,27.34,1
8/2/2022,4,49,47.63792748,27.08,1
8/2/2022,4,50,2.700798641,27.06,2
8/2/2022,4,50,17.70342468,27.06,2
8/2/2022,4,50,32.67089684,26.23,1
8/2/2022,4,50,47.68648043,25.94,1
8/2/2022,4,51,2.715969963,25.66,2
8/2/2022,4,51,17.73891418,25.64,2
8/2/2022,4,51,32.70680923,25.38,1
8/2/2022,4,51,47.72938595,25.09,1
8/2/2022,4,52,2.766809977,24.53,2
8/2/2022,4,52,17.782794,23.96,2
8/2/2022,4,52,32.77555149,22.29,1
8/2/2022,4,52,47.77976357,21.15,1
8/2/2022,4,53,2.821556116,21.13,2
8/2/2022,4,53,17.84634172,20.31,2
8/2/2022,4,53,32.84101138,22.23,1
8/2/2022,4,53,47.80662767,22.22,1
8/2/2022,4,54,2.844745032,22.24,2
8/2/2022,4,54,17.87297833,21.66,2
8/2/2022,4,54,32.855599,20.56,1
8/2/2022,4,54,47.85521968,19.43,1
8/2/2022,4,55,2.929708105,18.33,2
8/2/2022,4,55,17.90202114,18.3,2
8/2/2022,4,55,32.94409045,18.01,1
8/2/2022,4,55,47.92597797,18.01,1
8/2/2022,4,56,1.989796134,17.44,2
8/2/2022,4,56,16.97664863,17.73,2
8/2/2022,4,56,32.01642768,17.98,1
8/2/2022,4,56,46.96261243,17.98,1
8/2/2022,4,57,1.991383134,17.43,2
8/2/2022,4,57,17.00585719,17.69,2
8/2/2022,4,57,32.02864891,17.68,1
8/2/2022,4,57,46.977781,17.4,1
8/2/2022,4,58,2.029201736,17.65,2
8/2/2022,4,58,17.03696703,17.92,2
8/2/2022,4,58,32.02160756,18.19,1
8/2/2022,4,58,47.03856801,18.75,1
8/2/2022,4,59,2.108460449,19.29,2
8/2/2022,4,59,17.13286345,19.84,2
8/2/2022,4,59,32.11681107,20.4,1
8/2/2022,4,59,47.13751677,20.68,1
8/2/2022,5,0,2.215357864,21.23,2
8/2/2022,5,0,17.20279329,22.07,2
8/2/2022,5,0,32.22784969,23.43,1
8/2/2022,5,0,47.23022386,23.98,1
8/2/2022,5,1,2.30624918,24.57,2
8/2/2022,5,1,17.30447836,24.59,2
8/2/2022,5,1,32.33258232,24.87,1
8/2/2022,5,1,47.3161692,25.17,1
8/2/2022,5,2,2.395415956,25.73,2
8/2/2022,5,2,17.44945655,26.04,2
8/2/2022,5,2,32.38897413,26.31,1
8/2/2022,5,2,47.45653945,26.9,1
8/2/2022,5,3,2.631525564,27.49,2
8/2/2022,5,3,17.64610873,28.34,2
8/2/2022,5,3,32.62034182,28.93,1
8/2/2022,5,3,47.65140892,29.52,1
8/2/2022,5,4,2.940164625,30.7,2
8/2/2022,5,4,17.95346213,33.07,2
8/2/2022,5,4,32.95105444,30.59,1
8/2/2022,5,4,47.98480721,25.11,1
8/2/2022,5,5,2.147733018,26.22,2
8/2/2022,5,5,17.15218767,26.79,2
8/2/2022,5,5,32.16953573,27.63,1
8/2/2022,5,5,47.11742343,26.78,1
8/2/2022,5,6,2.183903352,27.63,2
8/2/2022,5,6,17.20718063,26.23,2
8/2/2022,5,6,32.16276195,26.23,1
8/2/2022,5,6,47.18378063,27.35,1
8/2/2022,5,7,2.231069706,26.77,2
8/2/2022,5,7,17.27310584,26.22,2
8/2/2022,5,7,32.24309402,26.79,1
8/2/2022,5,7,47.24272749,27.06,1
8/2/2022,5,8,2.280286853,25.12,2
8/2/2022,5,8,17.30945742,25.94,2
8/2/2022,5,8,32.29126967,25.94,1
8/2/2022,5,8,47.27005327,26.22,1
8/2/2022,5,9,2.30210166,26.21,2
8/2/2022,5,9,17.29327324,26.51,2
8/2/2022,5,9,32.32816273,25.95,1
8/2/2022,5,9,47.34721519,26.8,1
8/2/2022,5,10,2.427323881,25.12,2
8/2/2022,5,10,17.4100452,25.65,2
8/2/2022,5,10,32.43303768,25.68,1
8/2/2022,5,10,47.41454015,26.5,1
8/2/2022,5,11,2.454663138,26.8,2
8/2/2022,5,11,17.49780419,24.84,2
8/2/2022,5,11,32.46395306,25.4,1
8/2/2022,5,11,47.46362141,25.94,1
8/2/2022,5,12,2.531494317,26.49,2
8/2/2022,5,12,17.55413875,25.95,2
8/2/2022,5,12,32.54588767,25.96,1
8/2/2022,5,12,47.66278692,24.84,1
8/2/2022,5,13,2.691802948,24.84,2
8/2/2022,5,13,17.71957558,25.09,2
8/2/2022,5,13,32.69540994,25.11,1
8/2/2022,5,13,47.71249044,25.64,1
8/2/2022,5,14,2.834881524,25.37,2
8/2/2022,5,14,17.83813143,26.51,2
8/2/2022,5,14,32.83379485,25.42,1
8/2/2022,5,14,47.82591072,25.94,1
8/2/2022,5,15,2.895479288,26.8,2
8/2/2022,5,15,17.89452849,25.08,2
8/2/2022,5,15,32.89330405,25.39,1
8/2/2022,5,15,47.86732872,25.68,1
8/2/2022,5,16,2.909307657,25.4,2
8/2/2022,5,16,17.93881202,26.22,2
8/2/2022,5,16,32.92975119,26.8,1
8/2/2022,5,16,47.90005452,24.85,1
8/2/2022,5,17,2.946623858,26.23,2
8/2/2022,5,17,17.99136617,25.69,2
8/2/2022,5,17,32.98028704,26.24,1
8/2/2022,5,17,47.95532287,25.68,1
8/2/2022,5,18,2.313074955,25.14,2
8/2/2022,5,18,17.3813062,26.53,2
8/2/2022,5,18,32.31411341,23.21,1
8/2/2022,5,18,47.35277034,15.37,1
8/2/2022,5,19,2.381755766,16.45,2
8/2/2022,5,19,17.41184235,22.26,2
8/2/2022,5,19,32.38400042,18.64,1
8/2/2022,5,19,47.41809175,22.77,1
8/2/2022,5,20,2.482197123,21.12,2
8/2/2022,5,20,17.47347703,21.69,2
8/2/2022,5,20,32.47701669,20.32,1
8/2/2022,5,20,47.55306284,21.14,1
8/2/2022,5,21,2.580997061,21.96,2
8/2/2022,5,21,17.6029819,21.14,2
8/2/2022,5,21,32.60848304,22.52,1
8/2/2022,5,21,47.56011157,21.97,1
8/2/2022,5,22,2.625861548,22.25,2
8/2/2022,5,22,17.65427424,22.52,2
8/2/2022,5,22,32.65075501,22.25,1
8/2/2022,5,22,47.61818998,23.62,1
8/2/2022,5,23,2.752863169,23.63,2
8/2/2022,5,23,17.75381063,22.8,2
8/2/2022,5,23,32.76169872,23.09,1
8/2/2022,5,23,47.76899514,23.64,1
8/2/2022,5,24,2.794974661,23.91,2
8/2/2022,5,24,17.82697211,23.93,2
8/2/2022,5,24,32.81590367,23.92,1
8/2/2022,5,24,47.83794785,24.48,1
8/2/2022,5,25,2.890356778,24.75,2
8/2/2022,5,25,17.87974455,24.21,2
8/2/2022,5,25,32.89252288,24.76,1
8/2/2022,5,25,47.86771419,25.07,1
8/2/2022,5,26,2.887856937,25.07,2
8/2/2022,5,26,17.90932602,25.89,2
8/2/2022,5,26,32.88371353,27.28,1
8/2/2022,5,26,47.89994968,26.76,1
8/2/2022,5,27,2.955241916,26.51,2
8/2/2022,5,27,17.95785603,25.11,2
8/2/2022,5,27,32.95414466,25.68,1
8/2/2022,5,27,47.94123876,26.22,1
8/2/2022,5,28,1.966941192,25.41,2
8/2/2022,5,28,17.00228614,26.05,2
8/2/2022,5,28,31.98674693,23.46,1
8/2/2022,5,28,46.97996781,20.67,1
8/2/2022,5,29,2.027173129,15.37,2
8/2/2022,5,29,17.03691519,18.11,2
8/2/2022,5,29,32.03874768,24.19,1
8/2/2022,5,29,47.01580733,20.58,1
8/2/2022,5,30,2.064473802,20.04,2
8/2/2022,5,30,17.07767731,19.48,2
8/2/2022,5,30,32.0818533,26.69,1
8/2/2022,5,30,47.03805989,24.7,1
8/2/2022,5,31,2.156152997,25.92,2
8/2/2022,5,31,17.15599599,25.53,2
8/2/2022,5,31,32.17400726,23.75,1
8/2/2022,5,31,47.19026134,23.44,1
8/2/2022,5,32,2.270703339,15.09,2
8/2/2022,5,32,17.28315541,15.64,2
8/2/2022,5,32,32.26321991,19.21,1
8/2/2022,5,32,47.33920063,20.86,1
8/2/2022,5,33,2.383549616,20.87,2
8/2/2022,5,33,17.40344751,19.48,2
8/2/2022,5,33,32.36540638,21.14,1
8/2/2022,5,33,47.38090926,22.51,1
8/2/2022,5,34,2.452442128,23.04,2
8/2/2022,5,34,17.47088617,23.36,2
8/2/2022,5,34,32.45943557,23.36,1
8/2/2022,5,34,47.44885949,23.63,1
8/2/2022,5,35,2.563441637,23.65,2
8/2/2022,5,35,17.55026372,24.21,2
8/2/2022,5,35,32.58038227,25.6,1
8/2/2022,5,35,47.56798839,27.85,1
8/2/2022,5,36,2.658228787,27.36,2
8/2/2022,5,36,17.66881338,25.12,2
8/2/2022,5,36,32.65302911,26.22,1
8/2/2022,5,36,47.66197975,25.96,1
8/2/2022,5,37,2.817350038,16.74,2
8/2/2022,5,37,17.8177053,24.18,2
8/2/2022,5,37,32.84967026,33.48,1
8/2/2022,5,37,47.81325581,25.67,1
8/2/2022,5,38,2.857528252,15.38,2
8/2/2022,5,38,17.87219407,21.97,2
8/2/2022,5,38,32.88248409,32.48,1
8/2/2022,5,38,47.8686949,24.86,1
8/2/2022,5,39,2.951254259,12.31,2
8/2/2022,5,39,17.95022449,28.55,2
8/2/2022,5,39,32.96353054,26.81,1
8/2/2022,5,39,47.95624063,25.11,1
8/2/2022,5,40,2.032763252,24.83,2
8/2/2022,5,40,16.99500543,24.82,2
8/2/2022,5,40,32.04862156,24.27,1
8/2/2022,5,40,46.98713967,24.26,1
8/2/2022,5,41,2.027429695,23.96,2
8/2/2022,5,41,17.04642237,24.53,2
8/2/2022,5,41,32.06907504,24.83,1
8/2/2022,5,41,47.0714394,24.55,1
8/2/2022,5,42,2.158403675,24.54,2
8/2/2022,5,42,17.16216118,24.27,2
8/2/2022,5,42,32.12346529,23.69,1
8/2/2022,5,42,47.15287129,24.25,1
8/2/2022,5,43,2.297347994,24.52,2
8/2/2022,5,43,17.31768275,24.52,2
8/2/2022,5,43,32.29834327,24.79,1
8/2/2022,5,43,47.3588873,24.79,1
8/2/2022,5,44,2.420921142,24.81,2
8/2/2022,5,44,17.45690518,24.55,2
8/2/2022,5,44,32.43112208,25.12,1
8/2/2022,5,44,47.4715916,24.58,1
8/2/2022,5,45,2.587848616,24.57,2
8/2/2022,5,45,17.58516286,24.29,2
8/2/2022,5,45,32.56599729,24.56,1
8/2/2022,5,45,47.52216917,25.4,1
8/2/2022,5,46,2.605267094,25.67,2
8/2/2022,5,46,17.63982608,25.95,2
8/2/2022,5,46,32.5958394,26.24,1
8/2/2022,5,46,47.63332701,25.97,1
8/2/2022,5,47,2.67761303,24.83,2
8/2/2022,5,47,17.69024079,24.3,2
8/2/2022,5,47,32.68598879,24.31,1
8/2/2022,5,47,47.69359238,24.02,1
8/2/2022,5,48,2.734647855,23.75,2
8/2/2022,5,48,17.77280435,24.02,2
8/2/2022,5,48,32.73550064,23.75,1
8/2/2022,5,48,47.75002559,24.31,1
8/2/2022,5,49,2.815764167,24.56,2
8/2/2022,5,49,17.820764,24.58,2
8/2/2022,5,49,32.79793566,24.29,1
8/2/2022,5,49,47.82683674,24.28,1
8/2/2022,5,50,2.904853753,24.26,2
8/2/2022,5,50,17.91342498,24.0,2
8/2/2022,5,50,32.92551061,24.02,1
8/2/2022,5,50,47.88699394,23.46,1
8/2/2022,5,51,2.977170838,23.74,2
8/2/2022,5,51,17.99421066,23.46,2
8/2/2022,5,51,32.94592753,23.46,1
8/2/2022,5,51,47.963256,23.75,1
8/2/2022,5,52,2.011689075,23.47,2
8/2/2022,5,52,16.98901689,23.19,2
8/2/2022,5,52,31.99304136,23.71,1
8/2/2022,5,52,47.00096221,23.17,1
8/2/2022,5,53,2.021189175,23.97,2
8/2/2022,5,53,17.04005795,23.71,2
8/2/2022,5,53,32.03599165,23.71,1
8/2/2022,5,53,47.03181952,23.71,1
8/2/2022,5,54,2.065044944,23.44,2
8/2/2022,5,54,17.0998833,23.71,2
8/2/2022,5,54,32.08130652,23.16,1
8/2/2022,5,54,47.09190134,23.44,1
8/2/2022,5,55,2.187570416,23.71,2
8/2/2022,5,55,17.23263885,23.41,2
8/2/2022,5,55,32.16565172,23.43,1
8/2/2022,5,55,47.17692106,23.7,1
8/2/2022,5,56,2.219034643,23.71,2
8/2/2022,5,56,17.22447249,23.15,2
8/2/2022,5,56,32.19620709,23.7,1
8/2/2022,5,56,47.22165565,23.7,1
8/2/2022,5,57,2.287175456,23.42,2
8/2/2022,5,57,17.35816519,23.7,2
8/2/2022,5,57,32.27294851,23.15,1
8/2/2022,5,57,47.30281326,23.42,1
8/2/2022,5,58,2.35294317,23.15,2
8/2/2022,5,58,17.44231934,23.69,2
8/2/2022,5,58,32.34807595,23.95,1
8/2/2022,5,58,47.38090572,23.69,1
8/2/2022,5,59,2.422096756,23.44,2
8/2/2022,5,59,17.4484237,23.71,2
8/2/2022,5,59,32.43993311,23.71,1
8/2/2022,5,59,47.42596157,24.26,1
8/2/2022,6,0,2.620319421,23.98,2
8/2/2022,6,0,17.62487293,23.99,2
8/2/2022,6,0,32.63604435,24.27,1
8/2/2022,6,0,47.59740139,24.0,1
8/2/2022,6,1,2.623860069,24.54,2
8/2/2022,6,1,17.64476949,24.82,2
8/2/2022,6,1,32.60587621,24.56,1
8/2/2022,6,1,47.65022186,24.58,1
8/2/2022,6,2,2.701755176,24.3,2
8/2/2022,6,2,17.72547241,24.85,2
8/2/2022,6,2,32.70388034,24.29,1
8/2/2022,6,2,47.73707782,24.01,1
8/2/2022,6,3,2.771042083,24.3,2
8/2/2022,6,3,17.78432814,23.46,2
8/2/2022,6,3,32.75867795,23.74,1
8/2/2022,6,3,47.772302,24.28,1
8/2/2022,6,4,2.851335324,24.3,2
8/2/2022,6,4,17.87621481,24.3,2
8/2/2022,6,4,32.85535184,24.01,1
8/2/2022,6,4,47.82709105,24.3,1
8/2/2022,6,5,2.883162719,24.85,2
8/2/2022,6,5,17.88791122,24.84,2
8/2/2022,6,5,32.91024267,24.84,1
8/2/2022,6,5,47.8480514,24.59,1
8/2/2022,6,6,2.894990892,22.62,2
8/2/2022,6,6,17.92944494,22.64,2
8/2/2022,6,6,32.90625948,22.63,1
8/2/2022,6,6,47.92126332,22.34,1
8/2/2022,6,7,1.954764401,22.62,2
8/2/2022,6,7,16.9547231,22.63,2
8/2/2022,6,7,31.95752869,23.18,1
8/2/2022,6,7,46.96398421,23.16,1
8/2/2022,6,8,1.991715244,23.16,2
8/2/2022,6,8,17.00483862,22.9,2
8/2/2022,6,8,31.9915162,23.18,1
8/2/2022,6,8,46.97411046,23.72,1
8/2/2022,6,9,2.013250595,23.72,2
8/2/2022,6,9,16.99049349,23.73,2
8/2/2022,6,9,32.01432149,23.73,1
8/2/2022,6,9,47.02703032,23.2,1
8/2/2022,6,10,2.093607234,24.02,2
8/2/2022,6,10,17.08557994,24.03,2
8/2/2022,6,10,32.10650581,24.58,1
8/2/2022,6,10,47.07272976,24.02,1
8/2/2022,6,11,2.118785534,23.74,2
8/2/2022,6,11,17.1169106,24.02,2
8/2/2022,6,11,32.09050914,24.01,1
8/2/2022,6,11,47.10654928,24.02,1
8/2/2022,6,12,2.15770477,24.58,2
8/2/2022,6,12,17.1754417,24.3,2
8/2/2022,6,12,32.14179838,24.58,1
8/2/2022,6,12,47.17243039,23.16,1
8/2/2022,6,13,2.286658713,22.89,2
8/2/2022,6,13,17.34101821,22.89,2
8/2/2022,6,13,32.27195511,22.89,1
8/2/2022,6,13,47.29640809,23.15,1
8/2/2022,6,14,2.365770499,23.16,2
8/2/2022,6,14,17.39646739,22.34,2
8/2/2022,6,14,32.36986853,22.62,1
8/2/2022,6,14,47.39717756,22.62,1
8/2/2022,6,15,2.450702028,22.6,2
8/2/2022,6,15,17.43976336,22.06,2
8/2/2022,6,15,32.43402132,22.06,1
8/2/2022,6,15,47.40970134,21.49,1
8/2/2022,6,16,2.477916809,22.04,2
8/2/2022,6,16,17.5090039,21.77,2
8/2/2022,6,16,32.49266604,21.47,1
8/2/2022,6,16,47.49824536,20.66,1
8/2/2022,6,17,2.545824694,20.65,2
8/2/2022,6,17,17.57760495,20.93,2
8/2/2022,6,17,32.56089989,20.37,1
8/2/2022,6,17,47.5504166,20.35,1
8/2/2022,6,18,2.732424481,20.08,2
8/2/2022,6,18,17.74156798,19.79,2
8/2/2022,6,18,32.75700271,14.55,1
8/2/2022,6,18,47.74630468,20.87,1
8/2/2022,6,19,2.800006287,21.16,2
8/2/2022,6,19,17.82089956,20.88,2
8/2/2022,6,19,32.80552193,20.88,1
8/2/2022,6,19,47.78561744,20.61,1
8/2/2022,6,20,2.5252593,21.16,2
8/2/2022,6,20,17.5148859,21.44,2
8/2/2022,6,20,32.55699502,21.71,1
8/2/2022,6,20,47.62048075,21.71,1
8/2/2022,6,21,2.675296222,22.0,2
8/2/2022,6,21,17.69162202,21.73,2
8/2/2022,6,21,32.67826463,22.0,1
8/2/2022,6,21,47.6944252,22.29,1
8/2/2022,6,22,2.72389648,22.83,2
8/2/2022,6,22,17.74146272,22.57,2
8/2/2022,6,22,32.7117685,22.57,1
8/2/2022,6,22,47.7227068,23.12,1
8/2/2022,6,23,2.797808183,23.41,2
8/2/2022,6,23,17.7947636,23.14,2
8/2/2022,6,23,32.75556894,23.43,1
8/2/2022,6,23,47.7775213,23.99,1
8/2/2022,6,24,2.896029114,24.01,2
8/2/2022,6,24,17.89653052,24.01,2
8/2/2022,6,24,32.91223262,24.58,1
8/2/2022,6,24,47.92971906,24.02,1
8/2/2022,6,25,1.996135592,24.58,2
8/2/2022,6,25,16.97019926,22.63,2
8/2/2022,6,25,31.98579724,22.61,1
8/2/2022,6,25,46.9815793,23.45,1
8/2/2022,6,26,2.057741747,23.46,2
8/2/2022,6,26,17.09268911,23.73,2
8/2/2022,6,26,32.05746705,23.46,1
8/2/2022,6,26,47.0564379,22.91,1
8/2/2022,6,27,2.258706383,24.03,2
8/2/2022,6,27,17.28392039,22.07,2
8/2/2022,6,27,32.27842515,22.35,1
8/2/2022,6,27,47.26693026,22.63,1
8/2/2022,6,28,2.319690094,22.9,2
8/2/2022,6,28,17.35173923,22.64,2
8/2/2022,6,28,32.32789795,22.91,1
8/2/2022,6,28,47.3539144,22.64,1
8/2/2022,6,29,2.385543566,23.19,2
8/2/2022,6,29,17.41745511,23.45,2
8/2/2022,6,29,32.40245482,23.72,1
8/2/2022,6,29,47.38924238,23.71,1
8/2/2022,6,30,2.445301363,23.46,2
8/2/2022,6,30,17.4587584,23.19,2
8/2/2022,6,30,32.47012787,23.46,1
8/2/2022,6,30,47.42111848,22.89,1
8/2/2022,6,31,2.461855103,22.9,2
8/2/2022,6,31,17.48926782,22.92,2
8/2/2022,6,31,32.46929474,22.64,1
8/2/2022,6,31,47.46360462,22.93,1
8/2/2022,6,32,2.523145075,22.64,2
8/2/2022,6,32,17.52341081,22.38,2
8/2/2022,6,32,32.52146323,22.08,1
8/2/2022,6,32,47.54719371,22.08,1
8/2/2022,6,33,2.600696398,21.79,2
8/2/2022,6,33,17.62412089,21.5,2
8/2/2022,6,33,32.60444895,21.5,1
8/2/2022,6,33,47.63370986,20.95,1
8/2/2022,6,34,2.639524427,20.67,2
8/2/2022,6,34,17.6747556,20.39,2
8/2/2022,6,34,32.65913047,20.11,1
8/2/2022,6,34,47.66276199,19.81,1
8/2/2022,6,35,2.831792033,19.82,2
8/2/2022,6,35,17.80052376,19.81,2
8/2/2022,6,35,32.81969011,19.51,1
8/2/2022,6,35,47.78561876,19.51,1
8/2/2022,6,36,2.950787992,19.24,2
8/2/2022,6,36,17.98531194,19.23,2
8/2/2022,6,36,32.97133932,18.41,1
8/2/2022,6,36,47.9627957,18.67,1
8/2/2022,6,37,1.977211927,20.04,2
8/2/2022,6,37,16.99568987,19.78,2
8/2/2022,6,37,32.00060618,19.76,1
8/2/2022,6,37,47.00280413,19.5,1
8/2/2022,6,38,2.043466102,19.21,2
8/2/2022,6,38,17.08490847,20.03,2
8/2/2022,6,38,32.06429277,19.77,1
8/2/2022,6,38,47.06246413,19.5,1
8/2/2022,6,39,2.109812039,21.69,2
8/2/2022,6,39,17.13973842,20.9,2
8/2/2022,6,39,32.15757392,21.15,1
8/2/2022,6,39,47.14398504,20.61,1
8/2/2022,6,40,2.199007824,20.89,2
8/2/2022,6,40,17.22669979,20.33,2
8/2/2022,6,40,32.21867575,20.05,1
8/2/2022,6,40,47.20095592,21.15,1
8/2/2022,6,41,2.225696496,20.61,2
8/2/2022,6,41,17.2896587,20.33,2
8/2/2022,6,41,32.22748545,20.33,1
8/2/2022,6,41,47.27854034,19.77,1
8/2/2022,6,42,2.317515288,22.25,2
8/2/2022,6,42,17.3873995,21.71,2
8/2/2022,6,42,32.32038295,21.43,1
8/2/2022,6,42,47.31489218,21.43,1
8/2/2022,6,43,2.364968743,20.89,2
8/2/2022,6,43,17.40447709,20.89,2
8/2/2022,6,43,32.36218968,20.61,1
8/2/2022,6,43,47.41761567,20.61,1
8/2/2022,6,44,2.669696733,20.06,2
8/2/2022,6,44,17.67716808,20.05,2
8/2/2022,6,44,32.67019418,20.04,1
8/2/2022,6,44,47.66214393,20.04,1
8/2/2022,6,45,2.753136816,20.59,2
8/2/2022,6,45,17.76698937,21.96,2
8/2/2022,6,45,32.75925523,21.69,1
8/2/2022,6,45,47.72137315,21.7,1
8/2/2022,6,46,2.786871847,21.95,2
8/2/2022,6,46,17.8060523,22.53,2
8/2/2022,6,46,32.79032135,22.25,1
8/2/2022,6,46,47.7898912,22.0,1
8/2/2022,6,47,2.838863713,22.0,2
8/2/2022,6,47,17.86158958,21.45,2
8/2/2022,6,47,32.84490792,21.72,1
8/2/2022,6,47,47.84822379,21.45,1
8/2/2022,6,48,2.931235073,21.17,2
8/2/2022,6,48,17.95199351,21.45,2
8/2/2022,6,48,32.94774017,20.9,1
8/2/2022,6,48,47.92503369,21.17,1
8/2/2022,6,49,1.962119926,21.17,2
8/2/2022,6,49,16.98704199,20.9,2
8/2/2022,6,49,31.96567591,20.62,1
8/2/2022,6,49,46.9451663,20.88,1
8/2/2022,6,50,2.019921505,20.88,2
8/2/2022,6,50,17.02143109,20.87,2
8/2/2022,6,50,32.02025045,22.5,1
8/2/2022,6,50,46.95538673,22.53,1
8/2/2022,6,51,2.024457602,22.29,2
8/2/2022,6,51,17.04337669,22.0,2
8/2/2022,6,51,32.03546736,22.02,1
8/2/2022,6,51,47.0145983,21.74,1
8/2/2022,6,52,2.06936344,21.46,2
8/2/2022,6,52,17.10435636,21.74,2
8/2/2022,6,52,32.07565891,22.0,1
8/2/2022,6,52,47.09325962,21.74,1
8/2/2022,6,53,2.154130183,21.73,2
8/2/2022,6,53,17.17979354,21.47,2
8/2/2022,6,53,32.18714846,21.47,1
8/2/2022,6,53,47.14777567,21.74,1
8/2/2022,6,54,2.203504903,21.74,2
8/2/2022,6,54,17.25933069,21.19,2
8/2/2022,6,54,32.20746228,21.19,1
8/2/2022,6,54,47.19134868,21.47,1
8/2/2022,6,55,2.247051081,21.19,2
8/2/2022,6,55,17.32312901,21.21,2
8/2/2022,6,55,32.26138827,21.2,1
8/2/2022,6,55,47.22156001,21.2,1
8/2/2022,6,56,2.314856708,21.74,2
8/2/2022,6,56,17.30790869,21.45,2
8/2/2022,6,56,32.31838695,21.47,1
8/2/2022,6,56,47.35115837,21.48,1
8/2/2022,6,57,2.380203375,21.75,2
8/2/2022,6,57,17.46202928,21.77,2
8/2/2022,6,57,32.37651437,21.48,1
8/2/2022,6,57,47.40328886,22.04,1
8/2/2022,6,58,2.462590373,21.77,2
8/2/2022,6,58,17.4892668,22.04,2
8/2/2022,6,58,32.45913881,22.04,1
8/2/2022,6,58,47.47197058,22.33,1
8/2/2022,6,59,2.513681903,22.62,2
8/2/2022,6,59,17.64806476,22.34,2
8/2/2022,6,59,32.51866088,22.62,1
8/2/2022,6,59,47.63648536,22.63,1
8/2/2022,7,0,2.750216007,22.89,2
8/2/2022,7,0,17.75007217,22.91,2
8/2/2022,7,0,32.75372107,22.91,1
8/2/2022,7,0,47.74024542,23.19,1
8/2/2022,7,1,2.792768156,22.38,2
8/2/2022,7,1,17.80593323,22.92,2
8/2/2022,7,1,32.79723944,22.37,1
8/2/2022,7,1,47.80297174,22.65,1
8/2/2022,7,2,2.827375,22.37,2
8/2/2022,7,2,17.84825468,23.2,2
8/2/2022,7,2,32.84708445,22.93,1
8/2/2022,7,2,47.86571451,21.26,1
8/2/2022,7,3,2.898173524,21.81,2
8/2/2022,7,3,17.91913709,22.08,2
8/2/2022,7,3,32.91904807,22.37,1
8/2/2022,7,3,47.92014324,22.64,1
8/2/2022,7,4,1.992086691,22.37,2
8/2/2022,7,4,16.99324116,21.82,2
8/2/2022,7,4,31.98166579,22.07,1
8/2/2022,7,4,47.02884286,21.81,1
8/2/2022,7,5,2.412628043,22.07,2
8/2/2022,7,5,17.4863383,22.08,2
8/2/2022,7,5,32.39434526,22.37,1
8/2/2022,7,5,47.41239057,22.08,1
8/2/2022,7,6,2.464598543,22.09,2
8/2/2022,7,6,17.47655921,22.08,2
8/2/2022,7,6,32.44722351,22.35,1
8/2/2022,7,6,47.45634206,21.25,1
8/2/2022,7,7,2.483973664,21.53,2
8/2/2022,7,7,17.5164982,22.07,2
8/2/2022,7,7,32.48278955,22.08,1
8/2/2022,7,7,47.5115758,22.64,1
8/2/2022,7,8,2.596091776,22.64,2
8/2/2022,7,8,17.60319988,23.19,2
8/2/2022,7,8,32.5913891,22.93,1
8/2/2022,7,8,47.61019638,22.93,1
8/2/2022,7,9,2.632514901,21.79,2
8/2/2022,7,9,17.6703539,22.07,2
8/2/2022,7,9,32.65833371,21.8,1
8/2/2022,7,9,47.67690586,22.07,1
8/2/2022,7,10,2.75388319,22.33,2
8/2/2022,7,10,17.76347973,22.64,2
8/2/2022,7,10,32.7050481,23.2,1
8/2/2022,7,10,47.74475908,20.98,1
8/2/2022,7,11,2.769177424,21.79,2
8/2/2022,7,11,17.81360847,22.62,2
8/2/2022,7,11,32.79826893,22.61,1
8/2/2022,7,11,47.8035645,22.64,1
8/2/2022,7,12,2.831040435,22.93,2
8/2/2022,7,12,17.85818785,21.81,2
8/2/2022,7,12,32.83803164,22.36,1
8/2/2022,7,12,47.83386829,22.36,1
8/2/2022,7,13,2.875836112,22.92,2
8/2/2022,7,13,17.90158543,21.25,2
8/2/2022,7,13,32.89934519,21.81,1
8/2/2022,7,13,47.88639798,22.08,1
8/2/2022,7,14,2.916323806,22.63,2
8/2/2022,7,14,17.93761543,22.92,2
8/2/2022,7,14,32.93423985,22.64,1
8/2/2022,7,14,47.9287353,21.54,1
8/2/2022,7,15,2.993733432,21.53,2
8/2/2022,7,15,17.98948422,21.79,2
8/2/2022,7,15,32.98671412,22.08,1
8/2/2022,7,15,47.98878309,22.37,1
8/2/2022,7,16,2.014134255,21.82,2
8/2/2022,7,16,17.01891937,21.82,2
8/2/2022,7,16,32.05952112,20.98,1
8/2/2022,7,16,47.0049184,21.25,1
8/2/2022,7,17,2.047376718,21.52,2
8/2/2022,7,17,17.06208243,21.79,2
8/2/2022,7,17,32.04561376,21.78,1
8/2/2022,7,17,47.03296645,21.78,1
8/2/2022,7,18,2.046426709,21.5,2
8/2/2022,7,18,17.07974613,21.78,2
8/2/2022,7,18,32.09134177,21.78,1
8/2/2022,7,18,47.02728684,21.22,1
8/2/2022,7,19,2.06490323,21.22,2
8/2/2022,7,19,17.08714523,21.23,2
8/2/2022,7,19,32.06213349,21.22,1
8/2/2022,7,19,47.08570157,20.95,1
8/2/2022,7,20,2.152294794,21.5,2
8/2/2022,7,20,17.14521127,21.22,2
8/2/2022,7,20,32.21014006,21.5,1
8/2/2022,7,20,47.1886317,21.23,1
8/2/2022,7,21,2.241847423,21.51,2
8/2/2022,7,21,17.30805882,21.23,2
8/2/2022,7,21,32.25324416,21.24,1
8/2/2022,7,21,47.26883498,21.24,1
8/2/2022,7,22,2.310848164,21.52,2
8/2/2022,7,22,17.33364061,21.79,2
8/2/2022,7,22,32.29638327,21.79,1
8/2/2022,7,22,47.33150105,22.62,1
8/2/2022,7,23,2.398752672,22.62,2
8/2/2022,7,23,17.40772259,22.64,2
8/2/2022,7,23,32.39690317,22.64,1
8/2/2022,7,23,47.39325349,22.08,1
8/2/2022,7,24,2.406115064,22.36,2
8/2/2022,7,24,17.45349508,22.08,2
8/2/2022,7,24,32.48704988,22.38,1
8/2/2022,7,24,47.40390984,20.7,1
8/2/2022,7,25,2.47779943,20.97,2
8/2/2022,7,25,17.4822888,21.53,2
8/2/2022,7,25,32.48761748,21.53,1
8/2/2022,7,25,47.44489423,22.08,1
8/2/2022,7,26,2.490403993,22.64,2
8/2/2022,7,26,17.52611753,21.81,2
8/2/2022,7,26,32.4966706,22.37,1
8/2/2022,7,26,47.61326541,22.64,1
8/2/2022,7,27,2.679821506,22.64,2
8/2/2022,7,27,17.68667763,22.92,2
8/2/2022,7,27,32.64719905,21.81,1
8/2/2022,7,27,47.68545573,21.81,1
8/2/2022,7,28,2.766032889,21.25,2
8/2/2022,7,28,17.79429556,21.53,2
8/2/2022,7,28,32.8581862,21.8,1
8/2/2022,7,28,47.78783318,21.81,1
8/2/2022,7,29,2.920158412,21.81,2
8/2/2022,7,29,17.92196082,21.81,2
8/2/2022,7,29,32.89839336,22.09,1
8/2/2022,7,29,47.90066321,20.98,1
8/2/2022,7,30,2.9738671,20.68,2
8/2/2022,7,30,17.97117547,21.25,2
8/2/2022,7,30,32.96587264,20.96,1
8/2/2022,7,30,47.98311988,21.51,1
8/2/2022,7,31,2.040521175,21.23,2
8/2/2022,7,31,17.05247658,21.22,2
8/2/2022,7,31,32.05973083,21.5,1
8/2/2022,7,31,47.02193763,21.22,1
8/2/2022,7,32,2.19777302,20.96,2
8/2/2022,7,32,17.22452002,21.24,2
8/2/2022,7,32,32.20686806,21.49,1
8/2/2022,7,32,47.24042931,21.22,1
8/2/2022,7,33,2.347111314,20.95,2
8/2/2022,7,33,17.42757463,20.67,2
8/2/2022,7,33,32.31589825,20.13,1
8/2/2022,7,33,47.38804491,19.83,1
8/2/2022,7,34,2.425465548,19.56,2
8/2/2022,7,34,17.53293817,19.28,2
8/2/2022,7,34,32.416157,20.37,1
8/2/2022,7,34,47.42008629,20.09,1
8/2/2022,7,35,2.518801575,19.8,2
8/2/2022,7,35,17.51271793,20.37,2
8/2/2022,7,35,32.55273381,20.36,1
8/2/2022,7,35,47.64472735,20.36,1
8/2/2022,7,36,2.678556031,20.1,2
8/2/2022,7,36,17.67577916,19.82,2
8/2/2022,7,36,32.66976935,19.82,1
8/2/2022,7,36,47.67844464,19.27,1
8/2/2022,7,37,2.708496639,18.99,2
8/2/2022,7,37,17.72318866,18.71,2
8/2/2022,7,37,32.70665441,18.7,1
8/2/2022,7,37,47.70884372,18.67,1
8/2/2022,7,38,2.749272459,17.87,2
8/2/2022,7,38,17.76826905,18.41,2
8/2/2022,7,38,32.77008676,17.58,1
8/2/2022,7,38,47.73157111,19.21,1
8/2/2022,7,39,2.777501874,19.48,2
8/2/2022,7,39,17.7785297,19.78,2
8/2/2022,7,39,32.76947332,19.24,1
8/2/2022,7,39,47.74944947,19.24,1
8/2/2022,7,40,2.877390264,18.96,2
8/2/2022,7,40,17.87776468,18.4,2
8/2/2022,7,40,32.86848396,18.13,1
8/2/2022,7,40,47.876042,19.5,1
8/2/2022,7,41,2.069944954,19.23,2
8/2/2022,7,41,17.08660585,19.78,2
8/2/2022,7,41,32.05056836,19.23,1
8/2/2022,7,41,47.07831893,18.96,1
8/2/2022,7,42,2.166827889,18.66,2
8/2/2022,7,42,17.17711274,18.4,2
8/2/2022,7,42,32.18748485,18.67,1
8/2/2022,7,42,47.15204416,18.39,1
8/2/2022,7,43,2.198239844,18.67,2
8/2/2022,7,43,17.2090268,18.39,2
8/2/2022,7,43,32.18018408,18.67,1
8/2/2022,7,43,47.20074452,19.5,1
8/2/2022,7,44,2.23771207,19.22,2
8/2/2022,7,44,17.24244767,18.67,2
8/2/2022,7,44,32.24286971,20.86,1
8/2/2022,7,44,47.28171856,20.33,1
8/2/2022,7,45,2.588283139,20.06,2
8/2/2022,7,45,17.55926898,20.06,2
8/2/2022,7,45,32.58798847,19.49,1
8/2/2022,7,45,47.62334341,18.94,1
8/2/2022,7,46,2.685820835,19.48,2
8/2/2022,7,46,17.69646073,18.67,2
8/2/2022,7,46,32.66511103,20.89,1
8/2/2022,7,46,47.67798821,20.08,1
8/2/2022,7,47,2.703307285,19.79,2
8/2/2022,7,47,17.70152456,19.24,2
8/2/2022,7,47,32.68659842,18.67,1
8/2/2022,7,47,47.71933263,18.67,1
8/2/2022,7,48,2.761618392,17.84,2
8/2/2022,7,48,17.77117223,18.94,2
8/2/2022,7,48,32.77306946,18.66,1
8/2/2022,7,48,47.75538221,17.84,1
8/2/2022,7,49,2.799763656,21.15,2
8/2/2022,7,49,17.81301699,20.61,2
8/2/2022,7,49,32.80726129,20.06,1
8/2/2022,7,49,47.7873479,19.76,1
8/2/2022,7,50,2.889186073,19.22,2
8/2/2022,7,50,17.87614119,19.21,2
8/2/2022,7,50,32.88632429,20.05,1
8/2/2022,7,50,47.89752388,19.23,1
8/2/2022,7,51,2.000049289,18.95,2
8/2/2022,7,51,17.00213193,18.95,2
8/2/2022,7,51,32.02806706,20.04,1
8/2/2022,7,51,47.01411429,19.51,1
8/2/2022,7,52,2.05971955,19.51,2
8/2/2022,7,52,17.10615094,19.51,2
8/2/2022,7,52,32.10741921,19.22,1
8/2/2022,7,52,47.11721435,18.67,1
8/2/2022,7,53,2.171763048,18.67,2
8/2/2022,7,53,17.22202399,18.67,2
8/2/2022,7,53,32.153933,18.94,1
8/2/2022,7,53,47.17930325,19.48,1
8/2/2022,7,54,2.216602503,19.22,2
8/2/2022,7,54,17.23778369,20.04,2
8/2/2022,7,54,32.23696742,19.51,1
8/2/2022,7,54,47.24617056,19.24,1
8/2/2022,7,55,2.349011355,19.5,2
8/2/2022,7,55,17.33718583,19.22,2
8/2/2022,7,55,32.33546159,19.22,1
8/2/2022,7,55,47.33454105,19.22,1
8/2/2022,7,56,2.36969332,18.95,2
8/2/2022,7,56,17.39097538,19.22,2
8/2/2022,7,56,32.37243123,18.94,1
8/2/2022,7,56,47.44510848,18.94,1
8/2/2022,7,57,2.051068966,18.94,2
8/2/2022,7,57,17.0540686,19.5,2
8/2/2022,7,57,32.06361505,19.78,1
8/2/2022,7,57,47.01567224,19.51,1
8/2/2022,7,58,2.444435489,20.07,2
8/2/2022,7,58,17.4457331,19.51,2
8/2/2022,7,58,32.43099787,19.51,1
8/2/2022,7,58,47.44685053,19.51,1
8/2/2022,7,59,2.480158119,20.07,2
8/2/2022,7,59,17.50677343,19.79,2
8/2/2022,7,59,32.51574211,19.8,1
8/2/2022,7,59,47.50710529,19.52,1
8/2/2022,8,0,2.591469231,20.07,2
8/2/2022,8,0,17.6047304,20.07,2
8/2/2022,8,0,32.58602714,19.81,1
8/2/2022,8,0,47.58956399,20.35,1
8/2/2022,8,1,2.435770202,20.08,2
8/2/2022,8,1,17.44763163,20.08,2
8/2/2022,8,1,32.42686783,20.08,1
8/2/2022,8,1,47.45592525,20.37,1
8/2/2022,8,2,2.522833128,20.93,2
8/2/2022,8,2,17.54505209,20.93,2
8/2/2022,8,2,32.55175755,20.66,1
8/2/2022,8,2,47.60695551,20.93,1
8/2/2022,8,3,2.662203812,21.22,2
8/2/2022,8,3,17.66495726,20.94,2
8/2/2022,8,3,32.63118325,21.23,1
8/2/2022,8,3,47.65315093,21.23,1
8/2/2022,8,4,2.702261947,21.25,2
8/2/2022,8,4,17.71668906,21.24,2
8/2/2022,8,4,32.69843866,21.53,1
8/2/2022,8,4,47.7169897,21.81,1
8/2/2022,8,5,2.770488569,22.09,2
8/2/2022,8,5,17.76154589,22.62,2
8/2/2022,8,5,32.76727853,22.38,1
8/2/2022,8,5,47.77159229,21.82,1
8/2/2022,8,6,2.897777136,20.99,2
8/2/2022,8,6,17.90434418,21.27,2
8/2/2022,8,6,32.93320537,21.55,1
8/2/2022,8,6,47.91951116,19.87,1
8/2/2022,8,7,2.957576414,20.43,2
8/2/2022,8,7,17.96435122,20.15,2
8/2/2022,8,7,32.96035767,20.97,1
8/2/2022,8,7,47.98552098,20.99,1
8/2/2022,8,8,2.041284949,21.54,2
8/2/2022,8,8,17.07293858,21.55,2
8/2/2022,8,8,32.02906878,22.08,1
8/2/2022,8,8,47.04664154,20.44,1
8/2/2022,8,9,2.219542488,20.71,2
8/2/2022,8,9,17.10312049,21.26,2
8/2/2022,8,9,32.11259815,21.26,1
8/2/2022,8,9,47.09408193,19.32,1
8/2/2022,8,10,2.199164536,19.86,2
8/2/2022,8,10,17.19555538,20.13,2
8/2/2022,8,10,32.1935366,20.41,1
8/2/2022,8,10,47.15284223,20.69,1
8/2/2022,8,11,2.194989056,21.25,2
8/2/2022,8,11,17.26782771,21.53,2
8/2/2022,8,11,32.21565619,21.27,1
8/2/2022,8,11,47.25445064,21.27,1
8/2/2022,8,12,2.290704769,20.72,2
8/2/2022,8,12,17.35929226,21.27,2
8/2/2022,8,12,32.26858668,20.44,1
8/2/2022,8,12,47.29993861,20.15,1
8/2/2022,8,13,2.337639593,20.43,2
8/2/2022,8,13,17.36072762,20.43,2
8/2/2022,8,13,32.36907665,19.61,1
8/2/2022,8,13,47.32037862,19.88,1
8/2/2022,8,14,2.370683407,20.43,2
8/2/2022,8,14,17.37435628,20.71,2
8/2/2022,8,14,32.37142059,21.26,1
8/2/2022,8,14,47.36751076,19.05,1
8/2/2022,8,15,2.449785454,19.87,2
8/2/2022,8,15,17.48606231,20.42,2
8/2/2022,8,15,32.44918065,20.43,1
8/2/2022,8,15,47.45468803,20.43,1
8/2/2022,8,16,2.005711938,20.71,2
8/2/2022,8,16,16.9957037,18.22,2
8/2/2022,8,16,32.01335348,18.47,1
8/2/2022,8,16,46.99428472,19.03,1
8/2/2022,8,17,2.035644881,18.74,2
8/2/2022,8,17,17.03317604,18.75,2
8/2/2022,8,17,32.03362203,18.75,1
8/2/2022,8,17,47.00933627,19.03,1
8/2/2022,8,18,2.164846439,19.01,2
8/2/2022,8,18,17.18869946,18.45,2
8/2/2022,8,18,32.21423016,18.45,1
8/2/2022,8,18,47.17675114,18.73,1
8/2/2022,8,19,2.235145984,18.18,2
8/2/2022,8,19,17.2608549,18.16,2
8/2/2022,8,19,32.25104101,17.89,1
8/2/2022,8,19,47.28159073,17.6,1
8/2/2022,8,20,2.570699034,16.76,2
8/2/2022,8,20,17.59302028,16.48,2
8/2/2022,8,20,32.53653379,16.74,1
8/2/2022,8,20,47.55070035,17.02,1
8/2/2022,8,21,2.581798519,16.75,2
8/2/2022,8,21,17.61671942,16.47,2
8/2/2022,8,21,32.59208348,17.57,1
8/2/2022,8,21,47.5921583,17.29,1
8/2/2022,8,22,2.700601712,18.39,2
8/2/2022,8,22,17.70149584,17.85,2
8/2/2022,8,22,32.72614907,18.13,1
8/2/2022,8,22,47.72195481,18.4,1
8/2/2022,8,23,2.043732648,18.13,2
8/2/2022,8,23,17.05116639,18.96,2
8/2/2022,8,23,32.05635673,18.68,1
8/2/2022,8,23,47.02972395,18.68,1
8/2/2022,8,24,2.101345416,18.41,2
8/2/2022,8,24,17.14036859,18.13,2
8/2/2022,8,24,32.10619471,18.13,1
8/2/2022,8,24,47.1042365,18.41,1
8/2/2022,8,25,2.192066737,18.41,2
8/2/2022,8,25,17.19976371,18.4,2
8/2/2022,8,25,32.16946194,18.4,1
8/2/2022,8,25,47.15035555,18.4,1
8/2/2022,8,26,2.223478789,18.39,2
8/2/2022,8,26,17.23088573,18.41,2
8/2/2022,8,26,32.26850928,18.66,1
8/2/2022,8,26,47.23149157,18.39,1
8/2/2022,8,27,2.267579154,19.2,2
8/2/2022,8,27,17.26630992,18.4,2
8/2/2022,8,27,32.28755969,18.4,1
8/2/2022,8,27,47.35308287,20.33,1
8/2/2022,8,28,2.388401566,20.06,2
8/2/2022,8,28,17.40420897,19.51,2
8/2/2022,8,28,32.39920493,19.51,1
8/2/2022,8,28,47.41846863,19.52,1
8/2/2022,8,29,2.455434857,18.95,2
8/2/2022,8,29,17.48064744,18.69,2
8/2/2022,8,29,32.47836731,18.69,1
8/2/2022,8,29,47.44526794,18.41,1
8/2/2022,8,30,2.533002335,18.13,2
8/2/2022,8,30,17.64976512,18.67,2
8/2/2022,8,30,32.53571968,18.95,1
8/2/2022,8,30,47.64618642,18.41,1
8/2/2022,8,31,2.715601044,18.39,2
8/2/2022,8,31,17.71958617,19.77,2
8/2/2022,8,31,32.75064338,19.51,1
8/2/2022,8,31,47.70579086,19.49,1
8/2/2022,8,32,2.779440091,19.24,2
8/2/2022,8,32,17.79766104,18.69,2
8/2/2022,8,32,32.77731127,18.41,1
8/2/2022,8,32,47.77653075,18.41,1
8/2/2022,8,33,2.80289229,18.13,2
8/2/2022,8,33,17.83152825,18.13,2
8/2/2022,8,33,32.81458903,17.85,1
8/2/2022,8,33,47.81380957,17.83,1
8/2/2022,8,34,2.843826918,18.12,2
8/2/2022,8,34,17.86279108,18.39,2
8/2/2022,8,34,32.84813532,17.84,1
8/2/2022,8,34,47.8413294,20.33,1
8/2/2022,8,35,2.91090569,20.07,2
8/2/2022,8,35,17.91336781,19.77,2
8/2/2022,8,35,32.93721558,19.25,1
8/2/2022,8,35,47.92303489,19.53,1
8/2/2022,8,36,1.959195991,19.8,2
8/2/2022,8,36,16.95054566,19.53,2
8/2/2022,8,36,31.98105364,18.98,1
8/2/2022,8,36,46.97214575,19.53,1
8/2/2022,8,37,2.038987288,19.25,2
8/2/2022,8,37,17.06386402,19.27,2
8/2/2022,8,37,32.0466811,19.26,1
8/2/2022,8,37,47.06079301,19.27,1
8/2/2022,8,38,2.117744226,19.27,2
8/2/2022,8,38,17.10828267,19.54,2
8/2/2022,8,38,32.1192972,19.27,1
8/2/2022,8,38,47.12182856,19.54,1
8/2/2022,8,39,2.190471634,19.54,2
8/2/2022,8,39,17.20000605,19.27,2
8/2/2022,8,39,32.22392986,19.54,1
8/2/2022,8,39,47.21514722,19.27,1
8/2/2022,8,40,2.265981465,19.55,2
8/2/2022,8,40,17.26047911,19.82,2
8/2/2022,8,40,32.2486375,19.82,1
8/2/2022,8,40,47.24943739,19.82,1
8/2/2022,8,41,2.682346356,19.54,2
8/2/2022,8,41,17.68795724,19.56,2
8/2/2022,8,41,32.67928827,19.84,1
8/2/2022,8,41,47.67143634,20.11,1
8/2/2022,8,42,2.711640677,19.56,2
8/2/2022,8,42,17.72209668,19.56,2
8/2/2022,8,42,32.6900658,19.85,1
8/2/2022,8,42,47.71923777,20.12,1
8/2/2022,8,43,2.792674117,19.85,2
8/2/2022,8,43,17.82196132,20.12,2
8/2/2022,8,43,32.80135761,19.85,1
8/2/2022,8,43,47.82521017,20.12,1
8/2/2022,8,44,2.87982402,20.12,2
8/2/2022,8,44,17.90899147,20.13,2
8/2/2022,8,44,32.92581647,20.4,1
8/2/2022,8,44,47.91724884,20.67,1
8/2/2022,8,45,2.022407548,20.67,2
8/2/2022,8,45,16.99064321,20.67,2
8/2/2022,8,45,31.99847886,20.69,1
8/2/2022,8,45,46.97776074,20.96,1
8/2/2022,8,46,2.022598037,20.7,2
8/2/2022,8,46,17.0274752,20.97,2
8/2/2022,8,46,32.0107532,20.99,1
8/2/2022,8,46,46.99149188,21.26,1
8/2/2022,8,47,2.125881767,21.54,2
8/2/2022,8,47,17.13150719,20.15,2
8/2/2022,8,47,32.13856197,20.7,1
8/2/2022,8,47,47.11238049,20.96,1
8/2/2022,8,48,2.638091127,21.25,2
8/2/2022,8,48,17.68109219,20.72,2
8/2/2022,8,48,32.65328564,20.43,1
8/2/2022,8,48,47.65668472,20.71,1
8/2/2022,8,49,2.699468465,19.86,2
8/2/2022,8,49,17.72337613,20.15,2
8/2/2022,8,49,32.70523201,20.43,1
8/2/2022,8,49,47.67987171,20.43,1
8/2/2022,8,50,2.764564788,20.71,2
8/2/2022,8,50,17.77967039,18.49,2
8/2/2022,8,50,32.76099217,18.75,1
8/2/2022,8,50,47.75503694,18.76,1
8/2/2022,8,51,2.779422615,19.29,2
8/2/2022,8,51,17.79274292,19.85,2
8/2/2022,8,51,32.77797641,19.86,1
8/2/2022,8,51,47.80075252,20.15,1
8/2/2022,8,52,2.832327,20.42,2
8/2/2022,8,52,17.85884984,20.16,2
8/2/2022,8,52,32.82096279,20.72,1
8/2/2022,8,52,47.8596487,20.99,1
8/2/2022,8,53,2.915506175,20.99,2
8/2/2022,8,53,17.93059669,19.88,2
8/2/2022,8,53,32.9171093,20.16,1
8/2/2022,8,53,47.93293687,19.05,1
8/2/2022,8,54,1.966534503,19.59,2
8/2/2022,8,54,16.95921739,19.58,2
8/2/2022,8,54,31.95696677,20.14,1
8/2/2022,8,54,46.97231784,20.15,1
8/2/2022,8,55,2.047173531,20.43,2
8/2/2022,8,55,17.04319971,20.7,2
8/2/2022,8,55,32.0757012,20.7,1
8/2/2022,8,55,47.02485746,20.98,1
8/2/2022,8,56,2.604213192,19.87,2
8/2/2022,8,56,17.64475728,20.43,2
8/2/2022,8,56,32.64184251,20.69,1
8/2/2022,8,56,47.6339125,20.7,1
8/2/2022,8,57,2.68621912,20.43,2
8/2/2022,8,57,17.6962123,20.71,2
8/2/2022,8,57,32.67657282,20.71,1
8/2/2022,8,57,47.6984089,19.88,1
8/2/2022,8,58,2.791466548,19.88,2
8/2/2022,8,58,17.80562331,20.16,2
8/2/2022,8,58,32.79045091,19.6,1
8/2/2022,8,58,47.79517036,19.6,1
8/2/2022,8,59,2.839511135,19.87,2
8/2/2022,8,59,17.86175663,19.86,2
8/2/2022,8,59,32.83666507,19.85,1
8/2/2022,8,59,47.85211678,19.31,1
8/2/2022,9,0,2.916526119,19.59,2
8/2/2022,9,0,17.91291125,19.87,2
8/2/2022,9,0,32.93674698,20.43,1
8/2/2022,9,0,47.89090361,20.7,1
8/2/2022,9,1,1.959501501,20.67,2
8/2/2022,9,1,16.95086875,20.7,2
8/2/2022,9,1,31.95610737,20.43,1
8/2/2022,9,1,46.96716632,19.87,1
8/2/2022,9,2,2.019687665,19.87,2
8/2/2022,9,2,17.01225651,19.85,2
8/2/2022,9,2,32.0207058,19.59,1
8/2/2022,9,2,47.01326348,19.87,1
8/2/2022,9,3,2.052805738,19.59,2
8/2/2022,9,3,17.06804187,19.58,2
8/2/2022,9,3,32.07417039,19.31,1
8/2/2022,9,3,47.04672753,19.58,1
8/2/2022,9,4,2.078805335,19.03,2
8/2/2022,9,4,17.10113594,19.03,2
8/2/2022,9,4,32.12771674,18.75,1
8/2/2022,9,4,47.09070643,19.29,1
8/2/2022,9,5,2.162582219,19.02,2
8/2/2022,9,5,17.14280716,19.01,2
8/2/2022,9,5,32.16824316,19.02,1
8/2/2022,9,5,47.12305412,19.02,1
8/2/2022,9,6,2.201084876,19.3,2
8/2/2022,9,6,17.21373675,19.0,2
8/2/2022,9,6,32.21012098,18.72,1
8/2/2022,9,6,47.2547841,19.0,1
8/2/2022,9,7,2.484337565,18.73,2
8/2/2022,9,7,17.59266101,18.45,2
8/2/2022,9,7,32.52343885,18.45,1
8/2/2022,9,7,47.49540678,18.45,1
8/2/2022,9,8,2.607602626,18.16,2
8/2/2022,9,8,17.62375788,18.16,2
8/2/2022,9,8,32.64869558,17.88,1
8/2/2022,9,8,47.61369273,17.88,1
8/2/2022,9,9,2.648709303,17.58,2
8/2/2022,9,9,17.71367942,17.32,2
8/2/2022,9,9,32.67592565,17.04,1
8/2/2022,9,9,47.65868564,16.75,1
8/2/2022,9,10,2.728326749,17.03,2
8/2/2022,9,10,17.72087273,16.47,2
8/2/2022,9,10,32.73260909,18.94,1
8/2/2022,9,10,47.70623725,19.23,1
8/2/2022,9,11,2.789200379,19.51,2
8/2/2022,9,11,17.79528039,19.24,2
8/2/2022,9,11,32.7654901,19.24,1
8/2/2022,9,11,47.77339479,18.97,1
8/2/2022,9,12,2.843620675,19.53,2
8/2/2022,9,12,17.85249531,18.98,2
8/2/2022,9,12,32.83730069,18.98,1
8/2/2022,9,12,47.85599159,18.98,1
8/2/2022,9,13,2.94583547,19.25,2
8/2/2022,9,13,17.9774141,19.25,2
8/2/2022,9,13,32.98574644,18.7,1
8/2/2022,9,13,47.96032699,19.25,1
8/2/2022,9,14,2.036657527,19.25,2
8/2/2022,9,14,17.05704198,19.25,2
8/2/2022,9,14,32.04135242,19.53,1
8/2/2022,9,14,47.02446446,19.53,1
8/2/2022,9,15,2.230310552,19.8,2
8/2/2022,9,15,17.21137498,20.06,2
8/2/2022,9,15,32.20736095,19.8,1
8/2/2022,9,15,47.240003,20.32,1
8/2/2022,9,16,2.30114717,19.53,2
8/2/2022,9,16,17.29338119,19.81,2
8/2/2022,9,16,32.32624797,19.81,1
8/2/2022,9,16,47.30335406,20.08,1
8/2/2022,9,17,2.383002359,19.26,2
8/2/2022,9,17,17.39314356,19.27,2
8/2/2022,9,17,32.41433437,18.72,1
8/2/2022,9,17,47.37932091,19.0,1
8/2/2022,9,18,2.43732318,18.72,2
8/2/2022,9,18,17.44585268,18.99,2
8/2/2022,9,18,32.44066597,18.71,1
8/2/2022,9,18,47.43600017,18.41,1
8/2/2022,9,19,2.523802251,18.41,2
8/2/2022,9,19,17.6434345,18.14,2
8/2/2022,9,19,32.54530063,17.6,1
8/2/2022,9,19,47.51720378,17.59,1
8/2/2022,9,20,2.589450796,17.84,2
8/2/2022,9,20,17.58123778,17.85,2
8/2/2022,9,20,32.60795777,17.85,1
8/2/2022,9,20,47.56894942,17.3,1
8/2/2022,9,21,2.590777325,18.67,2
8/2/2022,9,21,17.60867523,17.84,2
8/2/2022,9,21,32.63988991,18.4,1
8/2/2022,9,21,47.63848754,18.13,1
8/2/2022,9,22,2.697956194,18.4,2
8/2/2022,9,22,17.73545107,18.4,2
8/2/2022,9,22,32.67182309,18.4,1
8/2/2022,9,22,47.68772391,18.69,1
8/2/2022,9,23,2.761053317,18.41,2
8/2/2022,9,23,17.77088583,18.69,2
8/2/2022,9,23,32.74658998,18.96,1
8/2/2022,9,23,47.76532056,18.7,1
8/2/2022,9,24,2.839992846,19.23,2
8/2/2022,9,24,17.84846319,19.25,2
8/2/2022,9,24,32.84036289,18.98,1
8/2/2022,9,24,47.83113115,18.98,1
8/2/2022,9,25,2.103355034,19.25,2
8/2/2022,9,25,17.1041334,19.25,2
8/2/2022,9,25,32.08865116,18.98,1
8/2/2022,9,25,47.07805222,18.71,1
8/2/2022,9,26,2.126780127,18.98,2
8/2/2022,9,26,17.13963801,18.99,2
8/2/2022,9,26,32.15305474,19.0,1
8/2/2022,9,26,47.11513279,19.27,1
8/2/2022,9,27,2.164393674,18.72,2
8/2/2022,9,27,17.19659232,18.72,2
8/2/2022,9,27,32.18987323,18.72,1
8/2/2022,9,27,47.16055916,18.72,1
8/2/2022,9,28,2.237451877,19.28,2
8/2/2022,9,28,17.26113525,19.0,2
8/2/2022,9,28,32.23551013,19.28,1
8/2/2022,9,28,47.23184749,19.83,1
8/2/2022,9,29,2.311648583,19.83,2
8/2/2022,9,29,17.33511511,19.28,2
8/2/2022,9,29,32.30643598,19.56,1
8/2/2022,9,29,47.27778105,19.84,1
8/2/2022,9,30,2.354379523,19.85,2
8/2/2022,9,30,17.40548953,20.68,2
8/2/2022,9,30,32.31816484,20.4,1
8/2/2022,9,30,47.31362734,20.7,1
8/2/2022,9,31,2.473678766,20.99,2
8/2/2022,9,31,17.4839749,20.99,2
8/2/2022,9,31,32.46022226,19.87,1
8/2/2022,9,31,47.4772252,20.42,1
8/2/2022,9,32,2.53532504,20.71,2
8/2/2022,9,32,17.55407073,19.88,2
8/2/2022,9,32,32.55697034,19.9,1
8/2/2022,9,32,47.53064495,19.32,1
8/2/2022,9,33,2.577510231,19.32,2
8/2/2022,9,33,17.60437104,19.31,2
8/2/2022,9,33,32.57830574,19.32,1
8/2/2022,9,33,47.55427651,19.61,1
8/2/2022,9,34,2.601519563,19.61,2
8/2/2022,9,34,17.61437619,19.88,2
8/2/2022,9,34,32.60835141,19.61,1
8/2/2022,9,34,47.62013379,19.61,1
8/2/2022,9,35,2.701723894,19.88,2
8/2/2022,9,35,17.69944612,19.61,2
8/2/2022,9,35,32.71992728,19.61,1
8/2/2022,9,35,47.68157962,19.88,1
8/2/2022,9,36,2.740086306,19.87,2
8/2/2022,9,36,17.74877841,19.87,2
8/2/2022,9,36,32.74528328,20.16,1
8/2/2022,9,36,47.7505669,18.78,1
8/2/2022,9,37,2.797765158,20.43,2
8/2/2022,9,37,17.82193432,19.05,2
8/2/2022,9,37,32.8013369,19.87,1
8/2/2022,9,37,47.80311648,20.16,1
8/2/2022,9,38,2.877098346,19.05,2
8/2/2022,9,38,17.88688104,18.2,2
8/2/2022,9,38,32.86797942,18.74,1
8/2/2022,9,38,47.90729276,18.74,1
8/2/2022,9,39,3.029239389,19.02,2
8/2/2022,9,39,17.95844107,19.03,2
8/2/2022,9,39,32.948805,19.85,1
8/2/2022,9,39,47.93985826,20.97,1
8/2/2022,9,40,2.035605754,20.14,2
8/2/2022,9,40,17.00502642,19.32,2
8/2/2022,9,40,32.01695793,18.76,1
8/2/2022,9,40,47.02997446,18.74,1
8/2/2022,9,41,2.093664191,18.2,2
8/2/2022,9,41,17.11981251,17.92,2
8/2/2022,9,41,32.09740832,17.92,1
8/2/2022,9,41,47.1127453,17.63,1
8/2/2022,9,42,2.13460185,17.62,2
8/2/2022,9,42,17.17596766,17.61,2
8/2/2022,9,42,32.14656059,17.32,1
8/2/2022,9,42,47.16275229,16.76,1
8/2/2022,9,43,2.193227247,16.78,2
8/2/2022,9,43,17.20998762,16.49,2
8/2/2022,9,43,32.18596576,15.94,1
8/2/2022,9,43,47.20545559,15.64,1
8/2/2022,9,44,2.248242979,15.09,2
8/2/2022,9,44,17.26317398,17.58,2
8/2/2022,9,44,32.26050645,16.75,1
8/2/2022,9,44,47.2994333,15.65,1
8/2/2022,9,45,2.378731909,15.09,2
8/2/2022,9,45,17.38757709,18.12,2
8/2/2022,9,45,32.38390001,17.02,1
8/2/2022,9,45,47.37923586,16.47,1
8/2/2022,9,46,2.421328392,15.64,2
8/2/2022,9,46,17.47514973,17.82,2
8/2/2022,9,46,32.46791525,18.39,1
8/2/2022,9,46,47.43924297,18.13,1
8/2/2022,9,47,2.483622989,19.22,2
8/2/2022,9,47,17.59505262,18.68,2
8/2/2022,9,47,32.48726992,18.13,1
8/2/2022,9,47,47.50516928,17.85,1
8/2/2022,9,48,2.543111044,17.03,2
8/2/2022,9,48,17.56070209,17.3,2
8/2/2022,9,48,32.54302693,18.39,1
8/2/2022,9,48,47.54796529,18.13,1
8/2/2022,9,49,2.630459001,17.84,2
8/2/2022,9,49,17.61114061,17.58,2
8/2/2022,9,49,32.59815485,17.58,1
8/2/2022,9,49,47.62223965,17.31,1
8/2/2022,9,50,2.706592093,17.03,2
8/2/2022,9,50,17.72152884,17.85,2
8/2/2022,9,50,32.70672847,18.12,1
8/2/2022,9,50,47.67035002,17.84,1
8/2/2022,9,51,2.70656068,17.57,2
8/2/2022,9,51,17.73393133,17.29,2
8/2/2022,9,51,32.73367807,17.29,1
8/2/2022,9,51,47.73467525,17.03,1
8/2/2022,9,52,2.789186064,18.39,2
8/2/2022,9,52,17.8170573,18.13,2
8/2/2022,9,52,32.78885968,18.13,1
8/2/2022,9,52,47.82462666,18.4,1
8/2/2022,9,53,2.869798532,18.4,2
8/2/2022,9,53,17.86598858,18.41,2
8/2/2022,9,53,32.88994564,18.13,1
8/2/2022,9,53,47.87678781,17.86,1
8/2/2022,9,54,2.937665973,17.86,2
8/2/2022,9,54,17.93899232,18.13,2
8/2/2022,9,54,32.93826619,17.85,1
8/2/2022,9,54,47.96319019,17.57,1
8/2/2022,9,55,2.039029752,17.86,2
8/2/2022,9,55,17.03066784,17.58,2
8/2/2022,9,55,32.06312956,17.86,1
8/2/2022,9,55,47.05155485,17.58,1
8/2/2022,9,56,2.117795264,17.58,2
8/2/2022,9,56,17.14013411,17.57,2
8/2/2022,9,56,32.09648045,17.57,1
8/2/2022,9,56,47.10519455,18.37,1
8/2/2022,9,57,2.253089231,17.84,2
8/2/2022,9,57,17.30202838,18.12,2
8/2/2022,9,57,32.23744584,18.39,1
8/2/2022,9,57,47.30219711,17.85,1
8/2/2022,9,58,2.338336513,17.86,2
8/2/2022,9,58,17.35821083,17.85,2
8/2/2022,9,58,32.34565432,17.86,1
8/2/2022,9,58,47.34215737,17.85,1
8/2/2022,9,59,2.410193877,17.56,2
8/2/2022,9,59,17.52529385,17.3,2
8/2/2022,9,59,32.40651613,17.02,1
8/2/2022,9,59,47.42543106,16.75,1
8/2/2022,10,0,2.506986631,16.47,2
8/2/2022,10,0,17.4917306,16.18,2
8/2/2022,10,0,32.4899581,16.19,1
8/2/2022,10,0,47.46121173,16.45,1
8/2/2022,10,1,2.506465215,16.18,2
8/2/2022,10,1,17.5869206,15.62,2
8/2/2022,10,1,32.51318123,15.07,1
8/2/2022,10,1,47.51562087,14.52,1
8/2/2022,10,2,2.565998569,14.51,2
8/2/2022,10,2,17.57353743,14.51,2
8/2/2022,10,2,32.56149694,13.95,1
8/2/2022,10,2,47.58162764,13.67,1
8/2/2022,10,3,2.707593674,13.39,2
8/2/2022,10,3,17.7287904,13.1,2
8/2/2022,10,3,32.72659189,13.1,1
8/2/2022,10,3,47.71937408,12.83,1
8/2/2022,10,4,2.374407963,11.99,2
8/2/2022,10,4,17.46248128,12.27,2
8/2/2022,10,4,32.39421311,11.99,1
8/2/2022,10,4,47.45927929,11.71,1
8/2/2022,10,5,2.529029224,11.44,2
8/2/2022,10,5,17.537318,11.15,2
8/2/2022,10,5,32.5351883,11.41,1
8/2/2022,10,5,47.51851223,11.15,1
8/2/2022,10,6,2.648848463,10.87,2
8/2/2022,10,6,17.64643149,10.87,2
8/2/2022,10,6,32.64623296,10.59,1
8/2/2022,10,6,47.6359144,10.31,1
8/2/2022,10,7,2.68666944,10.31,2
8/2/2022,10,7,17.70934733,10.3,2
8/2/2022,10,7,32.67012275,10.02,1
8/2/2022,10,7,47.69038482,10.29,1
8/2/2022,10,8,2.740120365,9.75,2
8/2/2022,10,8,17.76324538,10.01,2
8/2/2022,10,8,32.75805539,10.55,1
8/2/2022,10,8,47.74692317,9.73,1
8/2/2022,10,9,2.777674799,10.0,2
8/2/2022,10,9,17.75770331,9.72,2
8/2/2022,10,9,32.77509546,9.72,1
8/2/2022,10,9,47.74760652,9.72,1
8/2/2022,10,10,2.932931452,9.72,2
8/2/2022,10,10,17.93798476,9.71,2
8/2/2022,10,10,32.95592866,6.73,1
8/2/2022,10,10,47.91161888,9.16,1
8/2/2022,10,11,2.949986501,9.96,2
8/2/2022,10,11,17.96419188,9.42,2
8/2/2022,10,11,32.944354,9.69,1
8/2/2022,10,11,47.95651509,9.69,1
8/2/2022,10,12,2.034016191,9.68,2
8/2/2022,10,12,17.06244383,9.68,2
8/2/2022,10,12,32.02169725,9.4,1
8/2/2022,10,12,47.0111246,9.13,1
8/2/2022,10,13,2.080356995,9.39,2
8/2/2022,10,13,17.0973356,9.66,2
8/2/2022,10,13,32.07940993,9.39,1
8/2/2022,10,13,47.05556192,9.65,1
8/2/2022,10,14,2.098718604,9.11,2
8/2/2022,10,14,17.11415904,8.84,2
8/2/2022,10,14,32.0959264,9.38,1
8/2/2022,10,14,47.11937531,9.1,1
8/2/2022,10,15,2.171175523,8.84,2
8/2/2022,10,15,17.17023482,9.37,2
8/2/2022,10,15,32.15294908,9.36,1
8/2/2022,10,15,47.17751457,8.82,1
8/2/2022,10,16,2.197134126,9.36,2
8/2/2022,10,16,17.24644317,8.82,2
8/2/2022,10,16,32.19016928,8.82,1
8/2/2022,10,16,47.2200868,9.08,1
8/2/2022,10,17,2.275294528,8.81,2
8/2/2022,10,17,17.27125271,8.54,2
8/2/2022,10,17,32.28769103,8.27,1
8/2/2022,10,17,47.36696854,8.54,1
8/2/2022,10,18,2.393410243,8.27,2
8/2/2022,10,18,17.41615862,8.53,2
8/2/2022,10,18,32.43463695,8.26,1
8/2/2022,10,18,47.40008678,7.72,1
8/2/2022,10,19,2.434006319,8.25,2
8/2/2022,10,19,17.44816762,7.98,2
8/2/2022,10,19,32.46367384,8.25,1
8/2/2022,10,19,47.44015622,7.97,1
8/2/2022,10,20,2.506174623,7.97,2
8/2/2022,10,20,17.5176216,7.97,2
8/2/2022,10,20,32.50154466,7.97,1
8/2/2022,10,20,47.56436977,7.69,1
8/2/2022,10,21,2.601338506,7.43,2
8/2/2022,10,21,17.62666473,7.69,2
8/2/2022,10,21,32.60425257,7.42,1
8/2/2022,10,21,47.60041468,7.42,1
8/2/2022,10,22,2.636945325,7.68,2
8/2/2022,10,22,17.66528349,7.41,2
8/2/2022,10,22,32.6410687,7.68,1
8/2/2022,10,22,47.6371311,7.41,1
8/2/2022,10,23,2.710767467,7.67,2
8/2/2022,10,23,17.72422451,7.67,2
8/2/2022,10,23,32.70439366,7.14,1
8/2/2022,10,23,47.74356066,7.13,1
8/2/2022,10,24,2.783810328,7.4,2
8/2/2022,10,24,17.8170134,7.4,2
8/2/2022,10,24,32.80497548,7.38,1
8/2/2022,10,24,47.81848318,7.13,1
8/2/2022,10,25,2.862851579,7.38,2
8/2/2022,10,25,17.86903647,7.38,2
8/2/2022,10,25,32.89033538,7.38,1
8/2/2022,10,25,47.87795325,7.11,1
8/2/2022,10,26,2.936471543,6.84,2
8/2/2022,10,26,17.98059438,7.11,2
8/2/2022,10,26,32.94587508,7.11,1
8/2/2022,10,26,47.98339305,6.84,1
8/2/2022,10,27,2.003091716,7.1,2
8/2/2022,10,27,17.03094912,7.1,2
8/2/2022,10,27,31.99708722,6.83,1
8/2/2022,10,27,47.01704771,6.3,1
8/2/2022,10,28,2.787168593,6.83,2
8/2/2022,10,28,17.81625277,6.83,2
8/2/2022,10,28,32.79816063,6.3,1
8/2/2022,10,28,47.79407182,6.3,1
8/2/2022,10,29,2.835658627,6.03,2
8/2/2022,10,29,17.85399783,6.29,2
8/2/2022,10,29,32.83139505,6.28,1
8/2/2022,10,29,47.85294704,6.02,1
8/2/2022,10,30,2.956068286,6.02,2
8/2/2022,10,30,17.96510642,6.02,2
8/2/2022,10,30,32.95212619,5.23,1
8/2/2022,10,30,47.91625564,5.75,1
8/2/2022,10,31,2.953817133,5.48,2
8/2/2022,10,31,17.96155112,5.22,2
8/2/2022,10,31,32.98539365,5.22,1
8/2/2022,10,31,47.946711,5.48,1
8/2/2022,10,32,2.169997161,5.22,2
8/2/2022,10,32,17.23347351,4.43,2
8/2/2022,10,32,32.21019135,4.43,1
8/2/2022,10,32,47.24549371,4.69,1
8/2/2022,10,33,2.277172276,4.43,2
8/2/2022,10,33,17.32304718,4.68,2
8/2/2022,10,33,32.26050873,4.94,1
8/2/2022,10,33,47.29006947,4.16,1
8/2/2022,10,34,2.933053341,4.68,2
8/2/2022,10,34,17.98325823,4.93,2
8/2/2022,10,34,32.96314471,4.16,1
8/2/2022,10,34,47.93642707,4.41,1
8/2/2022,10,35,2.025747148,4.41,2
8/2/2022,10,35,17.03037861,4.15,2
8/2/2022,10,35,32.04544045,4.15,1
8/2/2022,10,35,47.01979826,4.15,1
8/2/2022,10,36,2.08513333,3.88,2
8/2/2022,10,36,17.10023796,3.88,2
8/2/2022,10,36,32.07577792,3.36,1
8/2/2022,10,36,47.08946728,3.88,1
8/2/2022,10,37,2.142297991,3.36,2
8/2/2022,10,37,17.12225605,3.36,2
8/2/2022,10,37,32.16118836,3.88,1
8/2/2022,10,37,47.1210858,3.62,1
8/2/2022,10,38,2.155497356,3.62,2
8/2/2022,10,38,17.18136,3.36,2
8/2/2022,10,38,32.1680069,2.84,1
8/2/2022,10,38,47.21335993,3.35,1
8/2/2022,10,39,2.236451011,3.35,2
8/2/2022,10,39,17.33630271,2.84,2
8/2/2022,10,39,32.29249011,2.84,1
8/2/2022,10,39,47.28980065,2.58,1
8/2/2022,10,40,2.367614252,2.32,2
8/2/2022,10,40,17.35720304,2.58,2
8/2/2022,10,40,32.3499315,2.83,1
8/2/2022,10,40,47.33375964,3.09,1
8/2/2022,10,41,2.458192074,2.57,2
8/2/2022,10,41,17.48402401,2.06,2
8/2/2022,10,41,32.46620289,2.06,1
8/2/2022,10,41,47.44165851,1.8,1
8/2/2022,10,42,2.484109558,1.54,2
8/2/2022,10,42,17.62080884,1.28,2
8/2/2022,10,42,32.4828102,2.06,1
8/2/2022,10,42,47.52468604,1.03,1
8/2/2022,10,43,2.574699564,1.8,2
8/2/2022,10,43,17.58832303,1.54,2
8/2/2022,10,43,32.58110819,0.77,1
8/2/2022,10,43,47.5473107,1.54,1
8/2/2022,10,44,2.637824729,1.02,2
8/2/2022,10,44,17.68447886,1.28,2
8/2/2022,10,44,32.65594608,0.51,1
8/2/2022,10,44,47.63497561,1.54,1
8/2/2022,10,45,2.828531847,0.77,2
8/2/2022,10,45,17.84071479,0.77,2
8/2/2022,10,45,32.84047073,0.77,1
8/2/2022,10,45,47.80987086,0.25,1
8/2/2022,10,46,2.862861474,0.51,2
8/2/2022,10,46,17.90337228,0.25,2
8/2/2022,10,46,32.89407446,0.51,1
8/2/2022,10,46,47.87858343,0.77,1
8/2/2022,10,47,2.907751654,1.28,2
8/2/2022,10,47,17.93982343,0.51,2
8/2/2022,10,47,32.95657617,0.51,1
8/2/2022,10,47,47.91006253,0.25,1
8/2/2022,10,48,2.940963199,0.77,2
8/2/2022,10,48,17.99899253,0.0,2
8/2/2022,10,48,32.9731114,0.0,1
8/2/2022,10,48,47.94409338,0.0,1
8/2/2022,10,49,2.018665867,0.0,2
8/2/2022,10,49,17.03852367,0.51,2
8/2/2022,10,49,32.03356766,0.0,1
8/2/2022,10,49,47.00590817,0.0,1
8/2/2022,10,50,2.052434618,0.51,2
8/2/2022,10,50,17.08310877,0.0,2
8/2/2022,10,50,32.04327938,0.0,1
8/2/2022,10,50,47.03132645,0.0,1
8/2/2022,10,51,2.077727646,0.0,2
8/2/2022,10,51,17.08147323,0.25,2
8/2/2022,10,51,32.07570334,0.25,1
8/2/2022,10,51,47.07653323,0.0,1
8/2/2022,10,52,2.102410491,0.0,2
8/2/2022,10,52,17.12724928,0.25,2
8/2/2022,10,52,32.10529334,0.0,1
8/2/2022,10,52,47.1300434,0.0,1
8/2/2022,10,53,2.198224676,0.0,2
8/2/2022,10,53,17.24712217,0.0,2
8/2/2022,10,53,32.21101349,0.0,1
8/2/2022,10,53,47.24163181,0.0,1
8/2/2022,10,54,2.25798507,0.0,2
8/2/2022,10,54,17.34389164,0.0,2
8/2/2022,10,54,32.25379819,0.0,1
8/2/2022,10,54,47.27150342,0.0,1
8/2/2022,10,55,2.32959883,0.0,2
8/2/2022,10,55,17.30811319,0.0,2
8/2/2022,10,55,32.34544335,0.0,1
8/2/2022,10,55,47.31651469,0.0,1
8/2/2022,10,56,2.37626784,0.0,2
8/2/2022,10,56,17.39926174,0.0,2
8/2/2022,10,56,32.39953351,0.0,1
8/2/2022,10,56,47.43553258,0.0,1
8/2/2022,10,57,2.484896801,0.0,2
8/2/2022,10,57,17.51633504,0.0,2
8/2/2022,10,57,32.49627354,0.0,1
8/2/2022,10,57,47.51957315,0.0,1
8/2/2022,10,58,2.551261879,0.0,2
8/2/2022,10,58,17.57518589,0.0,2
8/2/2022,10,58,32.5564818,0.0,1
8/2/2022,10,58,47.55125606,0.0,1
8/2/2022,10,59,2.607520913,0.0,2
8/2/2022,10,59,17.62763578,0.0,2
8/2/2022,10,59,32.60439395,0.0,1
8/2/2022,10,59,47.64582531,0.0,1
